State_Code,District_Name,Population,Confirmed,Deceased,Tested,Recovered,First_Dose,Second_Dose
AN,Nicobars,36842,0,0,0,0,25456,21124
AN,"North and Middle Andaman",105597,0,0,0,0,79035,61369
AN,"South Andaman",238142,0,0,0,0,190397,128362
AN,Unknown,0,7663,129,0,7523,0,0
AP,Anantapur,4083315,157935,1093,787111,156762,2787460,1757749
AP,Chittoor,4170468,248146,1954,780348,244860,2897689,1928720
AP,"East Godavari",5151549,294928,1290,944772,292251,3569234,2214051
AP,"Foreign Evacuees",0,434,0,0,434,0,0
AP,Guntur,4889230,178882,1241,833849,177446,3726614,2049839
AP,Krishna,4529009,120221,1440,782258,117668,3047007,2146052
AP,Kurnool,4046601,124204,853,867387,123293,2856095,1365076
AP,"Other State",0,2461,0,0,2461,0,0
AP,Prakasam,3392764,138834,1127,697366,137316,2461661,1657262
AP,S,0,0,0,0,0,0,0
AP,Srikakulam,2699471,123307,786,670925,122228,1649133,1104315
AP,Visakhapatnam,4288113,158274,1128,745009,156749,3066042,2074611
AP,Vizianagaram,2342868,83057,674,531459,82280,1438939,1121528
AP,"West Godavari",3934782,179522,1121,793124,177970,2587216,1927253
AP,Y,0,0,0,0,0,0,0
AR,Anjaw,21089,1068,3,2873,1065,11740,8409
AR,"Capital Complex",0,0,0,115234,0,0,0
AR,Changlang,147951,3810,22,23889,3784,89155,59164
AR,"East Kameng",78413,1094,0,7517,1094,23007,16056
AR,"East Siang",99019,3217,17,21895,3198,54366,41447
AR,Kamle,22256,512,0,1413,512,6982,4059
AR,"Kra Daadi",0,270,0,3246,270,6280,3295
AR,"Kurung Kumey",89717,511,1,4229,510,9148,5856
AR,"Lepa Rada",0,874,3,6775,872,13374,10537
AR,Lohit,145538,2896,26,14973,2854,31341,23497
AR,Longding,60000,753,2,10370,749,19305,8182
AR,"Lower Dibang Valley",53986,2446,11,12197,2400,32829,23021
AR,"Lower Siang",80597,738,8,7098,730,16602,10307
AR,"Lower Subansiri",82839,3048,15,10592,3017,27003,19630
AR,Namsai,95950,2136,17,20015,2118,63748,49540
AR,"Pakke Kessang",0,454,0,3355,453,8029,5274
AR,"Papum Pare",176385,18346,98,41988,18225,142223,104057
AR,"Shi Yomi",13310,266,0,2197,271,6912,5816
AR,Siang,31920,411,3,4298,408,14448,9265
AR,Tawang,49950,2601,20,14252,2541,29644,24046
AR,Tirap,111997,1109,5,14685,1104,31600,21831
AR,"Upper Dibang Valley",7948,338,2,1938,336,4159,2614
AR,"Upper Siang",35289,1018,1,6592,1017,18632,14082
AR,"Upper Subansiri",83205,1958,6,6245,1952,24935,17512
AR,"West Kameng",87013,3563,14,28183,3546,55931,42324
AR,"West Siang",112272,1872,6,13220,1854,33836,28507
AS,Baksa,953773,0,0,0,0,556998,151915
AS,Barpeta,1693190,0,0,0,0,1105912,497585
AS,Biswanath,612491,0,0,0,0,462256,250819
AS,Bongaigaon,732639,0,0,0,0,496111,203425
AS,Cachar,1736319,0,0,0,0,1130241,425092
AS,Charaideo,0,0,0,0,0,310981,128113
AS,Chirang,481818,0,0,0,0,291206,112059
AS,Darrang,908090,0,0,0,0,614601,205794
AS,Dhemaji,688077,0,0,0,0,435270,199616
AS,Dhubri,1948632,0,0,0,0,958756,257246
AS,Dibrugarh,1327748,0,0,301658,0,924208,473502
AS,"Dima Hasao",213529,0,0,0,0,119010,66389
AS,Goalpara,1008959,0,0,0,0,666076,226327
AS,Golaghat,1058674,0,0,0,0,718593,360838
AS,Hailakandi,659260,0,0,0,0,424107,158840
AS,Hojai,931218,0,0,0,0,609233,313738
AS,Jorhat,1091295,0,0,0,0,652875,339555
AS,Kamrup,1517202,0,0,0,0,1089774,455709
AS,"Kamrup Metropolitan",1260419,0,0,0,0,1253223,915765
AS,"Karbi Anglong",965280,0,0,0,0,298686,115856
AS,Karimganj,1217002,0,0,0,0,686635,225616
AS,Kokrajhar,886999,0,0,0,0,542998,177022
AS,Lakhimpur,1040644,0,0,0,0,687404,345088
AS,Majuli,167304,0,0,0,0,119159,89849
AS,Morigaon,957853,0,0,0,0,598008,240489
AS,Nagaon,2826006,0,0,0,0,1220985,486296
AS,Nalbari,769919,0,0,0,0,490249,195295
AS,Sivasagar,1150253,0,0,0,0,480946,247739
AS,Sonitpur,1925975,0,0,0,0,776630,485167
AS,"South Salmara Mankachar",555114,0,0,0,0,242144,93191
AS,Tinsukia,1316948,0,0,0,0,846696,310259
AS,Udalguri,832769,0,0,24677,0,523745,154658
AS,Unknown,0,614412,6022,0,603425,0,0
AS,"West Karbi Anglong",300320,0,0,0,0,132517,47275
BR,Araria,2806200,14980,116,219224,14859,1233662,467379
BR,Arwal,700843,7381,74,101655,7307,349496,134909
BR,Aurangabad,2511243,20011,75,412038,19936,1159307,467001
BR,Banka,2029339,7379,112,364807,7267,962051,388469
BR,Begusarai,2954367,27222,457,213696,26762,1466715,549491
BR,Bhagalpur,3032226,25842,309,582144,25533,1546948,731878
BR,Bhojpur,2720155,10210,159,466469,10051,1326044,440604
BR,Buxar,1707643,9248,182,461459,9066,923251,363863
BR,Darbhanga,3921971,10937,370,448453,10568,1911395,829135
BR,"East Champaran",5082868,19020,430,548135,18585,2530309,1095713
BR,Gaya,4379383,33953,280,872390,33673,1999446,806925
BR,Gopalganj,2558037,16685,94,562685,16592,1323821,560529
BR,Jamui,1756078,9418,106,342036,9313,826363,247514
BR,Jehanabad,1124176,10783,109,492286,10674,511932,213263
BR,Kaimur,1626900,4984,147,442363,4837,822501,256301
BR,Katihar,3068149,18145,94,556469,18052,1507966,481745
BR,Khagaria,1657599,10064,88,148344,9976,791302,256502
BR,Kishanganj,1690948,10135,66,294352,10060,783660,232311
BR,Lakhisarai,1000717,7776,102,332465,7674,471459,155849
BR,Madhepura,1994618,12549,111,455513,12435,997299,308430
BR,Madhubani,4476044,18370,339,715199,18023,2005429,756685
BR,Munger,1359054,15112,158,325243,14954,715884,300537
BR,Muzaffarpur,4778610,31398,621,722682,30778,2298150,804551
BR,Nalanda,2872523,23432,468,591377,22964,1432646,706098
BR,Nawada,2216653,10354,178,322530,10174,1113144,313952
BR,Patna,5772804,147037,2334,676269,144662,3457787,2528373
BR,Purnia,3273127,24427,180,568761,24247,1667132,805714
BR,Rohtas,2962593,13982,271,521584,13707,1544001,529507
BR,Saharsa,1897102,17616,134,356358,17482,1130503,465411
BR,Samastipur,4254782,20024,155,614600,19867,2042485,625004
BR,Saran,3943098,23283,255,761504,23024,1913897,825866
BR,Sheikhpura,634927,7693,75,142379,7618,292496,106849
BR,Sheohar,656916,4404,36,199447,4370,304579,117506
BR,Sitamarhi,3419622,9186,127,453258,9058,1558811,490335
BR,Siwan,3318176,15195,170,536469,15025,1690138,757854
BR,Supaul,2228397,17223,129,456542,17093,1108508,446810
BR,Vaishali,3495021,19828,192,275915,19632,1718417,540297
BR,"West Champaran",3935042,20890,358,551809,20532,1834250,527667
CH,Chandigarh,1055450,65407,820,805011,64518,929926,569904
CT,Balod,826165,27283,396,2763,26881,543965,281783
CT,"Baloda Bazar",1305343,43086,471,3830,42615,644083,229969
CT,Balrampur,598855,20302,118,21501,20182,329120,131211
CT,Bametara,197035,19966,236,3127,19726,419780,140640
CT,Bastar,1302253,21092,188,4545,20849,454537,188520
CT,Bijapur,229832,8338,55,1253,8267,104545,45214
CT,Bilaspur,1961922,65711,1212,9837,64459,1052216,584499
CT,"Dakshin Bastar Dantewada",533638,10851,25,1182,10811,160611,87564
CT,Dhamtari,799199,27243,545,1515,26694,515971,231928
CT,Durg,3343079,96929,1799,5034,95052,1029871,549072
CT,Gariaband,597653,19702,194,2110,19506,304409,105162
CT,"Gaurela Pendra Marwahi",0,12013,146,287,11864,193776,84672
CT,"Janjgir Champa",1620632,57666,839,4030,56778,943377,349937
CT,Jashpur,852043,27109,212,2556,26876,447004,196228
CT,Kabeerdham,584667,22772,267,2843,22503,421001,192658
CT,Kondagaon,578326,13145,99,1621,13037,326297,108651
CT,Korba,1206563,54888,580,10048,54241,675576,313625
CT,Koriya,659039,26987,179,2703,26798,393494,134274
CT,Mahasamund,1032275,31367,365,2197,31001,742908,507140
CT,Mungeli,701707,23924,167,2936,23755,299092,123718
CT,Narayanpur,140206,4020,14,818,4006,57164,22229
CT,"Other State",0,813,131,0,669,0,0
CT,Raigarh,1493627,62610,978,5098,61609,1080172,1096429
CT,Raipur,4062160,158092,3139,12718,154870,1569229,959424
CT,Rajnandgaon,1537520,56084,515,124956,55560,1045225,556631
CT,Sukma,249000,8070,20,1737,8046,138002,86915
CT,Surajpur,660280,29030,224,1844,28805,433195,177721
CT,Surguja,420661,33677,245,103596,33426,500543,312091
CT,"Uttar Bastar Kanker",748593,23643,224,2065,23408,424669,186750
DL,Delhi,19814000,1440377,25091,29879621,1414716,13228441,7706389
DN,"Dadra and Nagar Haveli",343709,5922,3,44833,5910,388645,190330
DN,Daman,191173,3545,1,19358,3519,236082,162340
DN,Diu,52074,1218,0,8279,1218,38831,31843
GA,"North Goa",817761,0,0,0,0,605663,453991
GA,"South Goa",639962,0,0,0,0,667865,515925
GA,Unknown,0,178762,3370,0,174854,0,0
GJ,Ahmedabad,7208200,238389,3411,2556494,234905,6010675,3621206
GJ,Amreli,1513614,10810,102,212267,10708,933261,595160
GJ,Anand,2090276,9643,49,171853,9582,1509753,985523
GJ,Aravalli,1051746,5186,78,122184,5108,719405,554668
GJ,Banaskantha,3116045,13631,162,218529,13469,2156962,1244407
GJ,Bharuch,1550822,11426,118,156059,11308,1240396,718604
GJ,Bhavnagar,2877961,21452,301,392836,21143,1700224,1068941
GJ,Botad,656005,2218,42,98561,2176,379174,243161
GJ,"Chhota Udaipur",1071831,3395,38,93840,3357,636398,440895
GJ,Dahod,2126558,9955,38,218261,9917,1499686,687295
GJ,Dang,226769,864,18,31923,848,160476,62989
GJ,"Devbhumi Dwarka",752484,4175,82,80426,4093,509482,335068
GJ,Gandhinagar,1387478,20753,205,292600,20549,1181106,742908
GJ,"Gir Somnath",1217477,8575,67,121950,8501,854660,378823
GJ,Jamnagar,2159130,34984,478,307913,34498,1121586,692474
GJ,Junagadh,2742291,20526,272,199701,20228,1319201,805788
GJ,Kheda,2298934,10442,48,218142,10392,1466136,969685
GJ,Kutch,2090313,12640,145,267062,12475,1421858,730245
GJ,Mahisagar,994624,8194,72,122798,8122,815657,476966
GJ,Mehsana,2027727,24419,177,229906,24243,1413380,919242
GJ,Morbi,960329,6502,87,157323,6415,683981,329255
GJ,Narmada,590379,5957,15,76136,5942,413808,293586
GJ,Navsari,1330711,7231,24,129101,7195,950587,678588
GJ,"Other State",0,162,3,135,159,0,0
GJ,Panchmahal,2388267,11770,70,160983,11700,1112484,672081
GJ,Patan,1342746,11624,129,169061,11495,853851,571442
GJ,Porbandar,586062,3486,19,97914,3467,420552,270502
GJ,Rajkot,3157676,57985,725,731253,57257,2244664,1308711
GJ,Sabarkantha,2427346,9318,157,182092,9159,1004815,643675
GJ,Surat,4996391,143954,1957,1938231,141919,4819502,2652496
GJ,Surendranagar,1755873,8121,136,201155,7985,1132537,796373
GJ,Tapi,806489,4440,24,92526,4417,530369,326817
GJ,Vadodara,3639775,78217,788,695672,77351,2629542,2134735
GJ,Valsad,1703068,6461,54,155382,6339,1238839,741151
HP,Bilaspur,382056,14596,85,39757,14209,323905,250316
HP,Chamba,518844,13722,160,53524,13507,365843,218691
HP,Hamirpur,454293,17855,291,46426,17019,378045,295251
HP,Kangra,1507223,51825,1136,94929,49434,1184964,765717
HP,Kinnaur,84298,3513,38,6749,3472,79768,63726
HP,Kullu,437474,9728,158,12041,9517,352150,212872
HP,"Lahaul and Spiti",31528,2954,18,571,2935,31950,21398
HP,Mandi,999518,31915,451,41914,31129,776497,507844
HP,Shimla,813384,27725,644,32941,26861,680585,451679
HP,Sirmaur,530164,15457,211,42583,15244,425233,233063
HP,Solan,576670,22871,314,57219,22501,692589,361365
HP,Una,521057,14525,253,52924,13934,435793,303997
HR,Ambala,1136784,30154,509,206033,29640,876141,597817
HR,Bhiwani,1629109,22409,652,176255,21757,747995,345883
HR,"Charkhi Dadri",502276,5078,139,58553,4941,365542,274103
HR,Faridabad,1798954,99929,716,505000,99164,1677273,872730
HR,Fatehabad,941522,17876,481,27485,17394,576376,209258
HR,Gurugram,1514085,181537,922,742649,180510,2213599,1426904
HR,Hisar,1742815,53997,1136,322069,52857,1000092,344637
HR,Jhajjar,956907,18850,328,186883,18514,693309,314091
HR,Jind,1332042,21210,533,11170,20675,718429,273088
HR,Kaithal,1072861,11246,346,11700,10900,619420,229424
HR,Karnal,1506323,40041,552,185177,39484,1008846,475421
HR,Kurukshetra,964231,22149,357,198910,21790,614499,257846
HR,Mahendragarh,921680,21689,155,143283,21534,581589,276072
HR,Nuh,1089406,5014,123,93390,4890,367667,82453
HR,Palwal,1040493,11026,153,139839,10872,616790,231541
HR,Panchkula,558890,30788,378,118730,30393,458588,291727
HR,Panipat,1202811,31152,638,58869,30510,839130,287114
HR,Rewari,896129,20329,221,151393,20110,651357,305219
HR,Rohtak,1058683,25907,534,25907,25351,686369,323454
HR,Sirsa,1295114,29288,508,150199,28773,790515,287240
HR,Sonipat,1480080,47139,254,238969,46885,999331,435170
HR,Yamunanagar,1214162,24633,414,196161,24221,838171,356935
JH,Bokaro,2061918,19481,286,11821,19183,1025287,372068
JH,Chatra,1042304,6033,53,0,5977,461662,139915
JH,Deoghar,1491879,10837,113,6974,10722,579953,251765
JH,Dhanbad,2682662,16614,382,0,16210,1222119,484638
JH,Dumka,1321096,4638,47,5423,4592,652861,255475
JH,"East Singhbhum",2291032,52032,1048,0,50952,1438295,694998
JH,Garhwa,1322387,6902,94,0,6809,478036,166834
JH,Giridih,2445203,8964,130,11155,8834,1013822,334593
JH,Godda,1311382,5841,87,11003,5754,536001,216618
JH,Gumla,1025656,9905,38,0,9857,393103,165804
JH,Hazaribagh,1734005,19596,186,0,19407,878561,340237
JH,Jamtara,790207,5604,62,2901,5537,391742,150920
JH,Khunti,530299,7822,96,3881,7724,231192,111254
JH,Koderma,717169,12872,136,0,12736,366516,152332
JH,Latehar,725673,7871,57,0,7814,305712,93411
JH,Lohardaga,461738,6709,88,7551,6623,176741,66859
JH,Pakur,899200,2553,12,6452,2539,391002,120684
JH,Palamu,1936319,12294,110,0,12184,814953,355162
JH,Ramgarh,949159,13931,197,0,13714,527968,197313
JH,Ranchi,2912022,86360,1585,0,84725,1551956,699451
JH,Sahibganj,1150038,4834,42,5052,4792,442733,147194
JH,Saraikela-Kharsawan,1063458,7207,67,161809,7137,517314,180869
JH,Simdega,599813,7193,92,0,7101,279118,116374
JH,Unknown,0,-166,0,0,-70,0,0
JH,"West Singhbhum",1501619,13062,133,0,12923,643919,243549
JK,Anantnag,1070144,16634,205,0,16392,761146,438343
JK,Bandipora,385099,9844,102,0,9712,304026,161819
JK,Baramulla,1015503,24776,282,0,24266,777965,481686
JK,Budgam,735753,23965,207,0,23611,593597,344700
JK,Doda,409576,7915,133,0,7730,315122,179042
JK,Ganderbal,297003,10484,79,0,10327,227752,144199
JK,Jammu,1526406,53374,1145,0,52188,1172655,627911
JK,Kathua,615711,9328,153,0,9180,484559,273911
JK,Kishtwar,230696,4820,44,0,4773,168787,81746
JK,Kulgam,422786,11493,117,0,11374,401762,224114
JK,Kupwara,875564,14525,166,0,14297,677718,399890
JK,Pulwama,570060,15529,194,139553,15314,431667,262543
JK,Punch,476820,6502,98,0,6385,386838,265495
JK,Rajouri,619266,11284,237,0,11038,500090,251703
JK,Ramban,283313,6047,67,0,5971,222343,158284
JK,Reasi,314714,6643,43,0,6587,246263,151415
JK,Samba,318611,7153,120,0,7034,281947,129246
JK,Shopiyan,265960,5607,58,0,5549,203181,103093
JK,Srinagar,1269751,76140,848,0,74561,960529,683638
JK,Udhampur,555357,11421,137,0,11277,428441,243248
KA,Bagalkote,1890826,35179,333,49874,34843,1246522,636364
KA,Ballari,2532383,97781,1689,402435,95977,1814619,949353
KA,Belagavi,4778439,79957,939,396567,78901,3205380,1485843
KA,"Bengaluru Rural",987257,62071,892,240308,61103,706139,409398
KA,"Bengaluru Urban",9588910,1254279,16325,6883919,1230356,9270820,6162534
KA,Bidar,1700018,24347,400,67718,23941,943923,547291
KA,Chamarajanagara,1020962,33021,500,5184,32488,650078,388997
KA,Chikkaballapura,1254377,43970,433,15117,43509,857189,517556
KA,Chikkamagaluru,1137753,51203,395,5495,50759,742261,359041
KA,Chitradurga,1660378,36695,206,4421,36427,1067682,667364
KA,"Dakshina Kannada",2083625,115926,1689,131298,113728,1536370,887876
KA,Davanagere,1946905,51010,609,17511,50371,1023922,523553
KA,Dharwad,1846993,60989,1319,137709,59652,1237269,597140
KA,Gadag,1065235,26067,319,8932,25747,705195,344901
KA,Hassan,1776221,112102,1261,10828,110447,1230070,641648
KA,Haveri,1598506,21952,645,11742,21304,1007974,420098
KA,Kalaburagi,2564892,61940,819,409626,61092,1359805,686862
KA,Kodagu,554762,37297,329,144013,36690,387066,224915
KA,Kolar,1540231,46974,641,91938,46302,1006450,661217
KA,Koppal,1391292,35201,521,8736,34665,830534,445207
KA,Mandya,1808680,73868,650,14902,73067,1194737,688133
KA,Mysuru,2994744,179686,2425,107369,176728,2189226,1352485
KA,"Other State",0,36,3,0,33,0,0
KA,Raichur,1924773,39981,331,21039,39646,1041654,483831
KA,Ramanagara,1082739,24224,322,103424,23879,760777,498163
KA,Shivamogga,1755512,69515,1088,48781,68305,1185710,583490
KA,Tumakuru,2681449,121092,1128,106588,119544,1705610,951972
KA,Udupi,1177908,76860,489,86105,76262,921512,557453
KA,"Uttara Kannada",1353299,56355,766,13861,55391,984462,537811
KA,Vijayapura,2175102,36280,495,25136,35766,1595146,684886
KA,Yadgir,1172985,27546,207,221516,27339,727055,363616
KL,Alappuzha,2121943,321481,2091,0,316496,1523457,907625
KL,Ernakulam,3279860,620240,4308,0,593299,2967073,1852971
KL,Idukki,1107453,153800,591,237692,142353,861353,509337
KL,Kannur,2525637,281635,2626,392137,273069,1898678,1031070
KL,Kasaragod,1302600,141162,648,0,136053,915525,547905
KL,Kollam,2629703,400208,2612,0,391054,1958458,1110266
KL,Kottayam,1979384,331821,1462,0,317525,1482734,899804
KL,Kozhikode,3089543,539105,3910,955061,524849,2352800,1212489
KL,Malappuram,4110956,574049,2732,469880,565600,2854295,1156976
KL,Palakkad,2810892,379915,3072,226581,367318,1997971,1008567
KL,Pathanamthitta,1195537,199489,1200,306035,188020,1051138,707842
KL,Thiruvananthapuram,3307284,479537,5115,436684,453909,2588277,1654626
KL,Thrissur,3110327,536638,4022,639056,519166,2304907,1394493
KL,Wayanad,816558,129591,548,211954,123315,661686,468961
LA,Kargil,143000,3623,58,37485,3556,87426,65051
LA,Leh,147000,17434,150,72611,17168,121897,88765
LD,Lakshadweep,64473,10365,51,265228,10270,55198,46751
MH,Ahmednagar,4543083,342581,7071,11096,330861,2513552,910382
MH,Akola,1818617,58774,1425,0,57326,787254,368212
MH,Amravati,2887826,96237,1594,0,94618,1271241,570620
MH,Aurangabad,3695928,155654,4252,11830,150772,1819502,757659
MH,Beed,2585962,103953,2811,111499,100845,1180126,510672
MH,Bhandara,1198810,60080,1123,54206,58946,830954,438013
MH,Buldhana,2588039,85554,798,115904,84727,1171353,537186
MH,Chandrapur,2194262,88991,1560,199839,87387,1357319,477708
MH,Dhule,2048781,46181,654,90103,45505,1030389,495645
MH,Gadchiroli,1071795,30446,669,12016,29740,555533,242457
MH,Gondia,1322331,40521,569,130175,39944,897586,493117
MH,Hingoli,1178973,18482,506,6800,17952,579955,217311
MH,Jalgaon,4224442,139949,2714,429228,137191,2122977,721162
MH,Jalna,1958483,60674,1209,117077,59429,1193911,449551
MH,Kolhapur,3874015,206812,5849,0,200819,2555987,1066754
MH,Latur,2455543,92224,2441,0,89608,1269796,542559
MH,Mumbai,12442373,762318,16284,2789742,736351,9217255,5786480
MH,Nagpur,4653171,493666,9128,382101,484382,3068045,1536068
MH,Nanded,3356566,90454,2658,117322,87746,1713801,605127
MH,Nandurbar,1646177,40008,948,37752,39055,744160,354749
MH,Nashik,6109052,411782,8694,498427,401969,3616930,1357707
MH,Osmanabad,1660311,68130,1964,109457,65734,853695,320907
MH,"Other State",0,144,111,0,31,0,0
MH,Palghar,2990116,138555,3282,319754,134641,1902174,719721
MH,Parbhani,1835982,52387,1234,110967,51088,954367,400024
MH,Pune,9426959,1159521,19614,97139,1136995,7931286,4406029
MH,Raigad,2635394,196845,4561,304116,191152,1881570,807811
MH,Ratnagiri,1612672,79241,2482,0,76466,931114,396851
MH,Sangli,2820575,210325,5617,0,204048,1823082,822038
MH,Satara,3003922,251114,6446,312772,243987,1980645,896445
MH,Sindhudurg,848868,53144,1438,0,51252,528810,284247
MH,Solapur,4315527,211289,5566,629296,204741,2325693,725654
MH,Thane,11060148,613151,11512,1229629,600668,5597146,2877468
MH,Wardha,1296157,57355,1217,52396,55962,772362,329004
MH,Washim,1196714,41673,637,0,41025,610990,341464
MH,Yavatmal,2775457,75977,1798,141580,74167,1270142,523094
ML,"East Garo Hills",317618,1873,13,0,1847,48137,22072
ML,"East Jaintia Hills",122436,2440,31,0,2398,64915,36223
ML,"East Khasi Hills",824059,41558,990,0,40058,320228,236241
ML,"North Garo Hills",118325,1690,8,0,1676,63271,31902
ML,Ribhoi,258380,9732,89,0,9610,92948,52017
ML,"South Garo Hills",142574,1217,12,0,1204,40445,20350
ML,"South West Garo Hills",172495,1877,17,0,1856,74321,43719
ML,"South West Khasi Hills",110152,2559,17,0,2526,33433,17669
ML,"West Garo Hills",642923,9051,72,0,8955,211078,127850
ML,"West Jaintia Hills",270352,6828,135,0,6673,84940,51126
ML,"West Khasi Hills",385601,5610,71,0,5454,77462,44783
MN,Bishnupur,240363,0,0,0,0,129587,73470
MN,Chandel,144028,0,0,0,0,26737,16668
MN,Churachandpur,271274,0,0,13565,0,104619,66138
MN,"Imphal East",452661,0,0,0,0,254211,169390
MN,"Imphal West",514683,0,0,0,0,310717,217598
MN,Jiribam,43818,0,0,0,0,27981,19189
MN,Kakching,135481,0,0,0,0,84916,52103
MN,Kamjong,45616,0,0,0,0,10706,6477
MN,Kangpokpi,0,0,0,0,0,39391,20513
MN,Noney,0,0,0,0,0,16925,11418
MN,Pherzawl,47250,0,0,0,0,12472,10651
MN,Senapati,354772,0,0,0,0,28777,20519
MN,Tamenglong,140143,0,0,0,0,20158,11641
MN,Tengnoupal,0,0,0,0,0,26316,13522
MN,Thoubal,420517,0,0,0,0,141687,68875
MN,Ukhrul,183115,0,0,0,0,22621,16792
MN,Unknown,0,124967,1932,0,121816,0,0
MP,"Agar Malwa",0,3303,68,0,3235,425823,145840
MP,Alirajpur,728677,3505,48,0,3453,370502,122717
MP,Anuppur,749521,9238,89,3443,9140,482306,184400
MP,Ashoknagar,844979,3670,57,55823,3613,551355,203531
MP,Balaghat,1701156,9104,64,9673,9017,1294046,621677
MP,Barwani,1385659,8366,90,41607,8267,790563,242497
MP,Betul,1575247,12907,277,68067,12590,1045314,376174
MP,Bhind,1703562,2996,32,44411,2960,1035928,382283
MP,Bhopal,2368145,123619,972,245185,122121,2017162,1208078
MP,Burhanpur,756993,2568,39,13058,2529,494429,227608
MP,Chhatarpur,1762857,7610,91,50527,7506,1096775,365556
MP,Chhindwara,2090306,6736,120,79121,6612,1629027,685557
MP,Damoh,1263703,8120,186,16583,7841,848894,379801
MP,Datia,786375,6959,78,40326,6874,562722,351775
MP,Dewas,1563107,7723,51,96186,7672,1007081,500597
MP,Dhar,2184672,12586,130,62599,12388,1376299,620219
MP,Dindori,704218,4623,29,3565,4588,482712,207918
MP,Guna,1240938,5132,44,40233,5085,825376,322015
MP,Gwalior,2030543,53108,633,206700,52427,1461480,773058
MP,Harda,570302,5055,96,36710,4954,395730,184313
MP,Hoshangabad,1240975,10688,99,46298,10570,867074,409658
MP,Indore,3272335,153285,1391,780297,151410,2955333,1775042
MP,Jabalpur,2460714,50784,670,293924,49896,1963764,1275346
MP,Jhabua,1024091,7693,64,52150,7619,611170,206582
MP,Katni,1291684,9366,120,56846,9242,868257,349498
MP,Khandwa,1309443,4044,94,17114,3946,863765,323916
MP,Khargone,1872413,13970,239,38432,13716,1151415,449350
MP,Mandla,1053522,5188,25,0,5159,687174,300466
MP,Mandsaur,1339832,8637,84,52737,8552,950127,368369
MP,Morena,1965137,8236,95,90968,8135,1298522,697129
MP,Narsinghpur,1092141,11215,81,90630,11115,804501,352873
MP,Neemuch,825958,7926,84,57296,7828,580475,247497
MP,Niwari,0,3715,48,22603,3654,0,0
MP,Panna,1016028,7331,63,0,7250,603600,187762
MP,Raigarh,0,1,0,0,0,0,0
MP,Raisen,1331699,9238,194,44372,9030,887268,355288
MP,Rajgarh,1546541,8738,172,46608,8490,1028077,491774
MP,Ratlam,1454483,17860,385,51765,17438,1028324,509303
MP,Rewa,2363744,16433,155,22708,16270,1646575,781316
MP,Sagar,2378295,16632,390,64820,16154,1569589,821889
MP,Satna,2228619,11965,133,28178,11829,1536048,522362
MP,Sehore,1311008,10136,73,45090,10057,911375,428732
MP,Seoni,1378876,6775,28,15043,6739,947741,380354
MP,Shahdol,1064989,10085,118,18196,9958,724104,360626
MP,Shajapur,1512353,6349,74,56806,6273,622330,331359
MP,Sheopur,687952,4000,78,31478,3919,414769,159036
MP,Shivpuri,1725818,12398,125,47289,12261,1113941,444596
MP,Sidhi,1126515,9219,87,4686,9132,681787,246289
MP,Singrauli,1178132,8802,82,0,8706,743430,246471
MP,Tikamgarh,1444920,6863,114,43040,6742,922983,318679
MP,Ujjain,1986864,18905,172,31650,18720,1456484,903403
MP,Umaria,643579,6294,63,54830,6224,456456,224669
MP,Unknown,0,1416,1494,0,1714,0,0
MP,Vidisha,1458212,11923,237,65939,11677,976524,375407
MZ,Aizawl,404054,81337,307,0,74716,316149,243333
MZ,Champhai,125370,5927,14,0,5104,74466,55823
MZ,Hnahthial,0,1300,3,0,1071,0,0
MZ,Khawzawl,0,810,0,0,714,0,0
MZ,Kolasib,83054,7990,30,0,7717,50678,33839
MZ,Lawngtlai,117444,7126,24,0,6811,58771,27708
MZ,Lunglei,154094,11217,28,0,9596,95392,74791
MZ,Mamit,85757,5422,17,0,4713,43906,30195
MZ,Saiha,56366,5996,20,0,5686,34694,21139
MZ,Saitual,0,532,2,0,494,0,0
MZ,Serchhip,64875,5149,10,0,4285,41968,36478
NL,Dimapur,379769,14829,424,47031,13557,271231,188235
NL,Kiphire,74033,260,9,1013,247,13194,8622
NL,Kohima,270063,9521,123,33997,9119,106267,85640
NL,Longleng,50593,315,2,1204,293,20603,15627
NL,Mokokchung,193171,2366,56,3987,2193,69344,56756
NL,Mon,259604,1160,14,12289,1124,70317,50223
NL,Peren,163294,926,6,5728,898,20146,13156
NL,Phek,163294,610,18,2790,569,31361,21410
NL,Tuensang,414801,1125,13,4898,1111,38277,27372
NL,Wokha,166239,410,11,1401,365,35271,24883
NL,Zunheboto,141014,623,16,2142,593,38444,23250
OR,Angul,1271703,43955,395,172900,43529,807916,315216
OR,Balangir,1648574,23418,126,87878,23272,980905,338212
OR,Balasore,2317419,40953,300,9860,40483,1430302,570151
OR,Bargarh,1478833,31162,335,0,30779,881453,316024
OR,Bhadrak,1506522,26559,151,258204,26306,1041004,406168
OR,Boudh,439917,12637,112,513,12492,266830,110636
OR,Cuttack,2618708,95288,858,5737,93737,1512634,749124
OR,Deogarh,312164,6600,50,699,6473,224532,68642
OR,Dhenkanal,1192948,19915,243,179508,19614,756800,306290
OR,Gajapati,575880,9688,84,732,9566,294029,127670
OR,Ganjam,3520151,33904,485,750473,33362,2242421,1812892
OR,Jagatsinghpur,1136604,28077,317,46663,27600,705949,297552
OR,Jajpur,1826275,43895,172,53979,43542,1118463,420793
OR,Jharsuguda,579499,23890,176,1680,23683,406710,204407
OR,Kalahandi,1573054,24336,210,1475,24083,960875,332241
OR,Kandhamal,731952,11539,83,1533,11458,397737,163585
OR,Kendrapara,1439891,25018,253,382751,24605,946256,383330
OR,Kendujhar,1802777,21005,177,474505,20803,1113297,423412
OR,Khordha,2246341,178781,1562,0,173835,2098947,1553879
OR,Koraput,1376934,19172,78,1418,19066,874719,436788
OR,Malkangiri,612727,11671,49,1858,11620,407736,156066
OR,Mayurbhanj,2513895,41118,292,3324,40517,1311308,450667
OR,Nabarangapur,1218762,23556,86,162179,23463,688814,206482
OR,Nayagarh,962215,23568,213,1121,23288,600786,245298
OR,Nuapada,606490,22972,84,327,22811,405645,144464
OR,Puri,1697983,45605,461,173341,44979,1106844,570562
OR,Rayagada,961959,20262,167,595,20000,556085,202997
OR,Sambalpur,1044410,31814,240,2024,31452,778523,451107
OR,"State Pool",0,32846,0,0,32045,0,0
OR,Subarnapur,652107,13197,61,0,13118,426438,223905
OR,Sundargarh,2080664,61971,594,0,61246,1143521,513355
PB,Amritsar,2490891,47414,1600,89229,45767,1286681,464822
PB,Barnala,596294,5954,244,63467,5696,338645,109741
PB,Bathinda,1388859,41754,1042,118509,40676,631960,209433
PB,Faridkot,618008,13942,315,23637,13610,333856,133095
PB,"Fatehgarh Sahib",599814,8880,336,68456,8539,357443,140068
PB,Fazilka,1180483,20286,528,63599,19734,498737,137403
PB,Ferozepur,2026831,14370,504,74900,13844,480956,132839
PB,Gurdaspur,2299026,22385,802,249059,21579,880804,442527
PB,Hoshiarpur,1582793,30846,989,221281,29842,1007290,592414
PB,Jalandhar,2181753,63431,1497,443755,61877,1447597,704186
PB,Kapurthala,817668,17862,556,38660,17301,470765,193796
PB,Ludhiana,3487882,87639,2107,514711,85512,2515157,973732
PB,Mansa,768808,15607,380,26880,15227,377834,94107
PB,Moga,992289,8678,233,77327,8448,546641,185672
PB,Pathankot,626154,18854,419,29114,18381,426703,203190
PB,Patiala,2892282,48945,1358,273364,47578,1059365,407720
PB,Rupnagar,683349,12988,423,97765,12527,386690,188829
PB,S,0,0,0,0,0,0,0
PB,Sangrur,1654408,15769,875,166351,14888,743954,228035
PB,"Shahid Bhagat Singh Nagar",614362,11473,388,77735,11081,394640,177289
PB,"Sri Muktsar Sahib",902702,18786,524,67991,18257,477226,148880
PB,"Tarn Taran",1120070,8046,380,111464,7662,606400,187111
PY,Karaikal,200222,16616,250,73169,16222,111917,60493
PY,Mahe,41816,5979,47,42442,5800,34127,26946
PY,Puducherry,950289,99288,1453,425666,97398,566058,320946
PY,Yanam,55626,6789,107,26754,6666,30346,16602
RJ,Ajmer,2584913,37780,410,261216,37360,1761551,1099782
RJ,Alwar,3671999,59694,307,291880,59387,2259844,1059514
RJ,Banswara,1798194,10005,104,48782,9901,1035891,549104
RJ,Baran,1223921,11997,61,46169,11934,769649,313110
RJ,Barmer,2604453,15564,185,113869,15377,1461466,638385
RJ,Bharatpur,2549121,19601,260,201442,19341,1361242,613172
RJ,Bhilwara,2410459,29781,156,148765,29625,1530889,751589
RJ,Bikaner,2367745,40348,545,278303,39794,1467815,732577
RJ,"BSF Camp",0,85,0,0,85,0,0
RJ,Bundi,1113725,7967,48,58168,7919,722228,388294
RJ,Chittorgarh,1544392,19809,139,116003,19670,984852,511560
RJ,Churu,2041172,16720,107,131701,16613,1307046,608513
RJ,Dausa,1637226,13351,62,61681,13289,947322,426328
RJ,Dholpur,1207293,11011,48,121309,10965,664418,291452
RJ,Dungarpur,1388906,18407,131,121918,18276,743963,369249
RJ,Evacuees,0,61,0,0,61,0,0
RJ,Ganganagar,1969520,19355,150,80707,19203,1290854,556572
RJ,Hanumangarh,1779650,16053,111,82543,15942,1235640,619899
RJ,Italians,0,2,0,0,2,0,0
RJ,Jaipur,6663971,187831,1970,968784,185825,4607498,2254495
RJ,Jaisalmer,672008,13639,66,80083,13573,419164,204337
RJ,Jalore,1830151,10067,72,184173,9995,997132,421587
RJ,Jhalawar,1411327,13613,187,97164,13425,925532,381658
RJ,Jhunjhunu,2139658,14811,158,123434,14653,1458180,830977
RJ,Jodhpur,3685681,112414,1103,600960,111311,2271058,1059343
RJ,Karauli,1458459,7156,70,64482,7086,834563,417506
RJ,Kota,1950491,57053,449,355510,56603,1272027,684520
RJ,Nagaur,3309234,17737,177,229823,17560,2084997,1056366
RJ,"Other State",0,189,39,0,150,0,0
RJ,Pali,2038533,27325,287,179464,27038,1208340,543000
RJ,Pratapgarh,868231,7143,63,52209,7080,656309,371204
RJ,Rajsamand,1158283,17044,169,91976,16875,695934,315486
RJ,"Sawai Madhopur",1338114,10620,61,84684,10559,765287,367679
RJ,Sikar,2677737,30618,335,165043,30283,1842822,842151
RJ,Sirohi,1037185,13732,79,84617,13653,619577,364860
RJ,Tonk,1421711,9498,92,74226,9406,887359,435514
RJ,Udaipur,3067549,56408,753,251523,55652,1733044,909155
SK,"East Sikkim",281293,0,0,0,0,264054,239880
SK,"North Sikkim",43354,0,0,0,0,33160,28267
SK,"South Sikkim",146742,0,0,0,0,121645,107655
SK,Unknown,0,32161,399,0,31147,0,0
SK,"West Sikkim",136299,0,0,0,0,103686,89751
TG,Adilabad,708952,0,0,0,0,388322,102169
TG,"Bhadradri Kothagudem",1304811,0,0,0,0,631741,237537
TG,Hyderabad,3441992,0,0,0,0,3202434,2021669
TG,Jagtial,983414,0,0,0,0,631179,207679
TG,Jangaon,582457,0,0,0,0,350985,140078
TG,"Jayashankar Bhupalapally",712257,0,0,0,0,266629,151082
TG,"Jogulamba Gadwal",664971,0,0,0,0,331323,66420
TG,Kamareddy,972625,0,0,0,0,572696,200172
TG,Karimnagar,1016063,0,0,0,0,669963,430732
TG,Khammam,1401639,0,0,0,0,899389,403940
TG,"Komaram Bheem",515835,0,0,0,0,293678,55777
TG,Mahabubabad,1318110,0,0,0,0,508614,200533
TG,Mahabubnagar,0,0,0,0,0,515967,170459
TG,Mancherial,807037,0,0,0,0,502623,185885
TG,Medak,767428,0,0,0,0,493774,166529
TG,"Medchal Malkajgiri",2542203,0,0,0,0,2210330,1420095
TG,Mulugu,294671,0,0,0,0,190365,87393
TG,Nagarkurnool,893308,0,0,0,0,495883,112076
TG,Nalgonda,1631399,0,0,0,0,998031,288413
TG,Narayanpet,566874,0,0,0,0,303239,53695
TG,Nirmal,709415,0,0,0,0,395103,138758
TG,Nizamabad,1534428,0,0,0,0,926702,272232
TG,Peddapalli,795332,0,0,0,0,482543,221888
TG,"Rajanna Sircilla",546121,0,0,0,0,379473,161836
TG,"Ranga Reddy",2551731,0,0,0,0,2425612,1386054
TG,Sangareddy,1527628,0,0,0,0,936716,334938
TG,Siddipet,993376,0,0,0,0,617811,267664
TG,Suryapet,1099560,0,0,0,0,649719,233072
TG,Unknown,0,673841,3966,0,664802,0,0
TG,Vikarabad,881250,0,0,0,0,447794,93849
TG,Wanaparthy,751553,0,0,0,0,303560,92302
TG,"Warangal Rural",716457,0,0,0,0,370342,119847
TG,"Warangal Urban",1135707,0,0,0,0,709306,482955
TG,"Yadadri Bhuvanagiri",726465,0,0,0,0,507035,252812
TN,"Airport Quarantine",0,2117,2,0,2108,0,0
TN,Ariyalur,752481,16945,262,18308,16595,495720,190796
TN,Chengalpattu,2556244,173145,2513,51794,169126,1367490,647637
TN,Chennai,7100000,556832,8562,2667778,545937,4589450,2804761
TN,Coimbatore,3472578,248734,2432,102130,244184,2738943,1287724
TN,Cuddalore,2600880,64371,867,36457,63147,1590663,770321
TN,Dharmapuri,1502900,28728,275,163825,28139,785154,308728
TN,Dindigul,2161367,33230,646,27823,32406,1256455,551753
TN,Erode,2259608,105397,692,66263,103503,1387910,600247
TN,Kallakurichi,1370281,31556,210,28337,31197,722905,359231
TN,Kancheepuram,1166401,75462,1260,37528,73682,677846,275581
TN,Kanyakumari,1863178,62631,1048,79623,61226,1119051,503081
TN,Karur,1076588,24327,357,17213,23629,632092,322293
TN,Krishnagiri,1883731,43861,349,14307,43215,1056778,446453
TN,Madurai,3991038,75459,1175,97302,73992,1527731,627648
TN,Mayiladuthurai,901000,23406,316,0,22968,0,0
TN,Nagapattinam,1614069,21332,357,21007,20702,822430,313717
TN,Namakkal,1721179,52979,500,24781,51701,1000692,425786
TN,Nilgiris,735071,33907,217,45862,33409,503670,376855
TN,Perambalur,564511,12119,243,8004,11822,331562,156092
TN,Pudukkottai,1918725,30365,418,20858,29703,838565,351844
TN,"Railway Quarantine",0,428,0,0,428,0,0
TN,Ramanathapuram,1337560,20651,357,23412,20219,671486,314813
TN,Ranipet,1210277,43604,777,20141,42644,568566,188280
TN,Salem,3480008,100777,1689,79683,98128,1951294,859635
TN,Sivaganga,1341250,20365,206,25847,19941,736375,319848
TN,Tenkasi,1407627,27399,484,26361,26852,754108,255077
TN,Thanjavur,2402781,76125,978,67468,74361,1286166,520266
TN,Theni,1243684,43617,523,45862,43046,671765,339677
TN,Thiruvallur,3725697,120071,1845,67971,117589,1453388,615503
TN,Thiruvarur,1268094,41896,449,67468,41035,644018,277207
TN,Thoothukkudi,1738376,56505,411,49311,55856,1042526,352862
TN,Tiruchirappalli,2713858,78204,1064,92593,76421,1503051,686122
TN,Tirunelveli,1665253,49593,434,54231,48950,839209,296516
TN,Tirupathur,1111812,29422,625,24021,28674,552918,230487
TN,Tiruppur,2471222,96534,985,36324,94273,1691939,662220
TN,Tiruvannamalai,2468965,55248,667,76193,54308,1305919,616839
TN,Vellore,1614242,50112,1132,47959,48718,783666,369907
TN,Viluppuram,2093003,46030,357,52087,45476,1152543,523467
TN,Virudhunagar,1943309,46382,548,28643,45740,1090423,559002
TR,Dhalai,377988,7038,35,61584,7002,258603,176419
TR,Gomati,436868,8145,74,47439,8046,279418,171020
TR,Khowai,327391,4565,54,24048,4500,202521,117821
TR,"North Tripura",415946,7264,34,100933,7207,284154,194693
TR,Sipahijala,484233,6370,75,53069,6277,331383,222309
TR,"South Tripura",433737,10174,53,83032,10105,304254,214899
TR,Unokoti,277335,8615,68,34932,8533,174152,111490
TR,"West Tripura",917534,32445,420,202941,31860,678155,487184
UP,Agra,4380793,25768,457,491392,25310,2196742,789604
UP,Aligarh,3673849,21282,108,482856,21172,1624157,556187
UP,"Ambedkar Nagar",2398709,5041,152,123182,4885,1156934,382112
UP,Amethi,2549935,9979,143,267045,9830,1035396,412889
UP,Amroha,1838771,16616,203,254051,16412,887250,288663
UP,Auraiya,1372287,10091,203,107089,9887,621589,197218
UP,Ayodhya,2468371,16919,290,376766,16630,1297142,455913
UP,Azamgarh,4616509,17908,228,12501,17675,2208927,710140
UP,Baghpat,1302156,9132,141,327223,8991,700094,361374
UP,Bahraich,2384239,11549,178,308256,11371,1806913,750129
UP,Ballia,3223642,21610,234,267451,21376,1462789,436845
UP,Balrampur,2149066,7498,138,276268,7354,1016864,495844
UP,Banda,1799541,10993,158,303195,10832,834949,274210
UP,Barabanki,3257983,19851,225,147452,19624,1640836,508206
UP,Bareilly,4465344,44034,377,465222,43651,2296533,814154
UP,Basti,2461056,11720,330,296601,11385,1217587,443615
UP,Bhadohi,1554203,7721,163,119054,7558,808579,264649
UP,Bijnor,3683896,14794,126,313015,14668,1784172,654163
UP,Budaun,3712738,14941,98,224230,14843,1462983,408455
UP,Bulandshahr,3498507,20215,244,269097,19972,1666182,688926
UP,Chandauli,1952713,16208,356,211280,15853,959789,270288
UP,Chitrakoot,990626,7110,79,234070,7031,460639,146076
UP,Deoria,3098637,20223,220,304551,20003,1626610,605355
UP,Etah,1761152,9968,99,263326,9868,805772,239297
UP,Etawah,1579160,13933,293,297771,13640,761443,289994
UP,Farrukhabad,1887577,10349,194,231866,10153,849608,258617
UP,Fatehpur,2632684,6815,139,82938,6674,1260042,452903
UP,Firozabad,2496761,8720,135,322687,8585,1077943,379184
UP,"Gautam Buddha Nagar",1674714,63371,467,675420,62891,1821851,1018331
UP,Ghaziabad,4661452,55681,461,712635,55209,2298574,1147930
UP,Ghazipur,3622727,21642,282,265768,21361,1713051,554207
UP,Gonda,3431386,12282,266,241265,12016,1626464,608621
UP,Gorakhpur,4436275,59443,848,480567,58593,2380316,959001
UP,Hamirpur,1104021,5232,102,240392,5130,573444,200299
UP,Hapur,1338211,12638,217,299728,12423,674813,276790
UP,Hardoi,4091380,13755,349,224814,13406,1882257,604853
UP,Hathras,1565678,2920,43,260556,2877,717697,260024
UP,Jalaun,1670718,11692,202,221729,11482,833788,273050
UP,Jaunpur,4476072,22584,235,322844,22351,2231520,737803
UP,Jhansi,2000755,36558,663,312566,35892,1143244,405746
UP,Kannauj,1658005,9233,114,124029,9115,779641,302118
UP,"Kanpur Dehat",1795092,6197,110,344707,6087,951693,329766
UP,"Kanpur Nagar",4572951,82936,1905,685830,81025,2316384,925893
UP,Kasganj,1438156,4250,53,272000,4197,617017,161652
UP,Kaushambi,1596909,4425,70,207078,4353,799317,247213
UP,Kushinagar,3560830,15617,228,314802,15389,1649778,505104
UP,"Lakhimpur Kheri",4013634,24411,292,368563,24117,1876655,435134
UP,Lalitpur,1218002,12743,128,21788,12613,635567,157066
UP,Lucknow,4588455,238864,2651,1237596,236175,3186888,1607179
UP,Maharajganj,2665292,12441,140,334747,12300,1304230,409187
UP,Mahoba,876055,4268,86,143002,4182,449127,157357
UP,Mainpuri,1847194,10028,182,228527,9846,892615,258787
UP,Mathura,2541894,20298,402,198408,19894,1218448,441308
UP,Mau,2205170,8334,80,281476,8253,1043486,339895
UP,Meerut,3447405,69499,898,798435,68570,1789869,900127
UP,Mirzapur,2494533,11088,116,312795,10974,1361063,504361
UP,Moradabad,4773138,39102,349,400472,38754,1446213,484638
UP,Muzaffarnagar,4138605,31011,269,161729,30737,1280460,507018
UP,Pilibhit,2037225,11033,193,291551,10838,987945,274921
UP,Pratapgarh,3173752,16039,163,100514,15875,1522420,506183
UP,Prayagraj,5959798,78702,1088,729314,77616,2807077,941952
UP,"Rae Bareli",3404004,17105,343,387438,16761,1470657,392119
UP,Rampur,2335398,11828,148,274304,11676,1013195,279174
UP,Saharanpur,3464228,32731,420,266417,32309,1657333,610329
UP,Sambhal,2217020,9438,106,309346,9331,923124,228677
UP,"Sant Kabir Nagar",1714300,8159,98,292637,8061,844099,222227
UP,Shahjahanpur,3002376,20361,444,437208,19916,1932257,619315
UP,Shamli,1274815,12976,45,246628,12931,617594,222841
UP,Shrawasti,1114615,4388,35,221597,4353,522534,199582
UP,Siddharthnagar,2553526,9374,100,295078,9273,1244129,535812
UP,Sitapur,4474446,12398,185,289501,12211,2173902,549550
UP,Sonbhadra,1862612,16807,251,306206,16556,834529,261458
UP,Sultanpur,3790922,14915,138,309426,14777,1193159,402263
UP,Unnao,3110595,15011,254,298896,14757,1580897,463251
UP,Varanasi,3682194,85505,971,595541,84529,2147727,899450
UT,Almora,621927,12197,196,84473,11385,379008,226571
UT,Bageshwar,259840,5765,60,55656,5678,183893,138853
UT,Chamoli,391114,12249,62,90420,11976,274685,203340
UT,Champawat,259315,7614,53,95098,7358,184152,126490
UT,Dehradun,1698560,112424,3521,401526,108165,1471735,847209
UT,Haridwar,1927029,51514,1020,369572,49104,1460441,689458
UT,Nainital,955128,39267,944,204452,38157,725170,415818
UT,"Pauri Garhwal",686527,17696,315,138908,16673,433461,243623
UT,Pithoragarh,485993,10267,181,72716,9969,319663,194982
UT,Rudraprayag,236857,8807,106,52408,8539,171357,120018
UT,"Tehri Garhwal",616409,15836,108,105141,14827,383740,222305
UT,"Udham Singh Nagar",1648367,37875,761,337322,36318,1281493,570190
UT,Uttarkashi,329686,12553,74,120056,12129,235500,170680
WB,Alipurduar,1700000,15650,102,0,15481,988842,384754
WB,Bankura,3596292,36587,275,0,35993,2504391,787989
WB,Birbhum,3502387,41444,286,0,40849,2259506,934073
WB,"Cooch Behar",2822780,29444,97,0,29166,1570210,448272
WB,"Dakshin Dinajpur",1670931,18094,171,0,17697,1117615,385711
WB,Darjeeling,1842034,57515,540,0,56571,1346648,735237
WB,Hooghly,5520389,87188,992,0,85221,3683884,1458582
WB,Howrah,4841638,99692,1526,0,97113,3127575,1353781
WB,Jalpaiguri,3869675,42210,579,0,41393,1207747,477622
WB,Jhargram,1136548,12200,27,0,12107,753953,231839
WB,Kalimpong,251642,7086,54,0,6982,181234,135475
WB,Kolkata,4486679,325702,5183,0,316943,4821395,3247132
WB,Malda,3997970,33573,186,0,33180,2258726,648244
WB,Murshidabad,7102430,34077,329,0,33653,4591428,1063922
WB,Nadia,5168488,73894,868,0,72428,3066556,975510
WB,"North 24 Parganas",10082852,331230,4866,0,324205,6788785,2969174
WB,"Other State",0,66,3,0,63,0,0
WB,"Paschim Bardhaman",2882031,58097,357,0,57358,1884370,750636
WB,"Paschim Medinipur",5094238,53924,508,0,53046,3035546,945567
WB,"Purba Bardhaman",4835532,42300,200,0,41789,2874178,915271
WB,"Purba Medinipur",4417377,63273,398,0,62686,3637683,1618085
WB,Purulia,2927965,19447,113,0,19307,1852318,535098
WB,"South 24 Parganas",8153176,101841,1342,0,99494,5168428,2004574
WB,"Uttar Dinajpur",3000849,19934,240,0,19612,1471700,480868
