State_Code,District_Name,Population,First_Dose,Second_Dose,First_Dose_Percentage,Second_Dose_Percentage
TN,Mayiladuthurai,901000,0,0,0.0000,0.0000
MN,Senapati,354772,28777,20519,8.1114,5.7837
NL,Tuensang,414801,38277,27372,9.2278,6.5988
AR,"Kurung Kumey",89717,9148,5856,10.1965,6.5272
NL,Peren,163294,20146,13156,12.3373,8.0566
MN,Ukhrul,183115,22621,16792,12.3534,9.1702
MN,Tamenglong,140143,20158,11641,14.3839,8.3065
ML,"East Garo Hills",317618,48137,22072,15.1556,6.9492
NL,Kiphire,74033,13194,8622,17.8218,11.6462
MN,Chandel,144028,26737,16668,18.5638,11.5727
NL,Phek,163294,31361,21410,19.2052,13.1113
ML,"West Khasi Hills",385601,77462,44783,20.0886,11.6138
AR,"Lower Siang",80597,16602,10307,20.5988,12.7883
NL,Wokha,166239,35271,24883,21.2170,14.9682
AR,Lohit,145538,31341,23497,21.5346,16.1449
MN,Kamjong,45616,10706,6477,23.4698,14.1990
PB,Ferozepur,2026831,480956,132839,23.7295,6.5540
MN,Pherzawl,47250,12472,10651,26.3958,22.5418
NL,Mon,259604,70317,50223,27.0863,19.3460
NL,Zunheboto,141014,38444,23250,27.2625,16.4877
AR,Tirap,111997,31600,21831,28.2150,19.4925
ML,"South Garo Hills",142574,40445,20350,28.3677,14.2733
AR,"East Kameng",78413,23007,16056,29.3408,20.4762
AR,"Upper Subansiri",83205,24935,17512,29.9682,21.0468
CT,"Dakshin Bastar Dantewada",533638,160611,87564,30.0974,16.4089
AR,"West Siang",112272,33836,28507,30.1375,25.3910
UP,Moradabad,4773138,1446213,484638,30.2990,10.1534
ML,"South West Khasi Hills",110152,33433,17669,30.3517,16.0406
CT,Durg,3343079,1029871,549072,30.8061,16.4241
UP,Muzaffarnagar,4138605,1280460,507018,30.9394,12.2509
AS,"Karbi Anglong",965280,298686,115856,30.9429,12.0023
WB,Jalpaiguri,3869675,1207747,477622,31.2106,12.3427
AR,Kamle,22256,6982,4059,31.3713,18.2378
ML,"West Jaintia Hills",270352,84940,51126,31.4183,18.9109
UP,Sultanpur,3790922,1193159,402263,31.4741,10.6112
AR,Longding,60000,19305,8182,32.1750,13.6367
AR,"Lower Subansiri",82839,27003,19630,32.5970,23.6966
ML,"West Garo Hills",642923,211078,127850,32.8310,19.8857
MN,Thoubal,420517,141687,68875,33.6935,16.3786
HR,Nuh,1089406,367667,82453,33.7493,7.5686
CT,Bastar,1302253,454537,188520,34.9039,14.4764
NL,Mokokchung,193171,69344,56756,35.8977,29.3812
ML,Ribhoi,258380,92948,52017,35.9734,20.1320
JH,Garhwa,1322387,478036,166834,36.1495,12.6161
PB,Patiala,2892282,1059365,407720,36.6273,14.0968
TG,"Jayashankar Bhupalapally",712257,266629,151082,37.4344,21.2117
JH,Lohardaga,461738,176741,66859,38.2773,14.4799
TN,Madurai,3991038,1527731,627648,38.2790,15.7264
PB,Gurdaspur,2299026,880804,442527,38.3121,19.2485
JH,Gumla,1025656,393103,165804,38.3270,16.1657
JH,Sahibganj,1150038,442733,147194,38.4972,12.7991
MN,Churachandpur,271274,104619,66138,38.5658,24.3805
TG,Mahabubabad,1318110,508614,200533,38.5866,15.2137
CT,Raipur,4062160,1569229,959424,38.6304,23.6186
ML,"East Khasi Hills",824059,320228,236241,38.8598,28.6680
JH,Deoghar,1491879,579953,251765,38.8740,16.8757
TN,Thiruvallur,3725697,1453388,615503,39.0098,16.5205
NL,Kohima,270063,106267,85640,39.3490,31.7111
UP,Budaun,3712738,1462983,408455,39.4044,11.0014
AS,Sonitpur,1925975,776630,485167,40.3240,25.1907
TG,Wanaparthy,751553,303560,92302,40.3910,12.2815
UP,Amethi,2549935,1035396,412889,40.6048,16.1921
NL,Longleng,50593,20603,15627,40.7230,30.8877
CT,Narayanpur,140206,57164,22229,40.7714,15.8545
JH,Godda,1311382,536001,216618,40.8730,16.5183
MP,Shajapur,1512353,622330,331359,41.1498,21.9102
GJ,Sabarkantha,2427346,1004815,643675,41.3956,26.5176
JH,Giridih,2445203,1013822,334593,41.4617,13.6836
UP,Sambhal,2217020,923124,228677,41.6381,10.3146
AS,Sivasagar,1150253,480946,247739,41.8122,21.5378
JH,Palamu,1936319,814953,355162,42.0877,18.3421
JH,Latehar,725673,305712,93411,42.1281,12.8723
PB,Fazilka,1180483,498737,137403,42.2486,11.6396
CT,Mungeli,701707,299092,123718,42.6235,17.6310
JH,"West Singhbhum",1501619,643919,243549,42.8816,16.2191
UP,Kasganj,1438156,617017,161652,42.9033,11.2402
ML,"South West Garo Hills",172495,74321,43719,43.0859,25.3451
UP,Firozabad,2496761,1077943,379184,43.1737,15.1870
UP,"Rae Bareli",3404004,1470657,392119,43.2037,11.5193
AS,Nagaon,2826006,1220985,486296,43.2053,17.2079
MH,Akola,1818617,787254,368212,43.2886,20.2468
UP,Rampur,2335398,1013195,279174,43.3843,11.9540
JH,Pakur,899200,391002,120684,43.4833,13.4213
JH,Khunti,530299,231192,111254,43.5965,20.9795
AS,"South Salmara Mankachar",555114,242144,93191,43.6206,16.7877
TN,Pudukkottai,1918725,838565,351844,43.7043,18.3374
BR,Araria,2806200,1233662,467379,43.9620,16.6552
MH,Amravati,2887826,1271241,570620,44.0207,19.7595
AS,"West Karbi Anglong",300320,132517,47275,44.1253,15.7415
UP,Aligarh,3673849,1624157,556187,44.2086,15.1391
JH,Chatra,1042304,461662,139915,44.2925,13.4236
BR,Madhubani,4476044,2005429,756685,44.8036,16.9052
UP,Sonbhadra,1862612,834529,261458,44.8042,14.0372
PB,Sangrur,1654408,743954,228035,44.9680,13.7835
UP,Farrukhabad,1887577,849608,258617,45.0105,13.7010
MH,Nandurbar,1646177,744160,354749,45.2053,21.5499
MH,Buldhana,2588039,1171353,537186,45.2603,20.7565
AR,Siang,31920,14448,9265,45.2632,29.0257
UP,Auraiya,1372287,621589,197218,45.2958,14.3715
UP,Ballia,3223642,1462789,436845,45.3769,13.5513
CT,Bijapur,229832,104545,45214,45.4876,19.6726
PB,Bathinda,1388859,631960,209433,45.5021,15.0795
BR,Jehanabad,1124176,511932,213263,45.5384,18.9706
JH,Dhanbad,2682662,1222119,484638,45.5562,18.0656
BR,Sitamarhi,3419622,1558811,490335,45.5843,14.3389
MH,Beed,2585962,1180126,510672,45.6359,19.7479
BR,Gaya,4379383,1999446,806925,45.6559,18.4255
UP,Etah,1761152,805772,239297,45.7526,13.5875
MH,Yavatmal,2775457,1270142,523094,45.7633,18.8471
UP,Hathras,1565678,717697,260024,45.8394,16.6078
HR,Bhiwani,1629109,747995,345883,45.9144,21.2314
UP,Hardoi,4091380,1882257,604853,46.0054,14.7836
BR,Sheikhpura,634927,292496,106849,46.0677,16.8285
BR,Aurangabad,2511243,1159307,467001,46.1647,18.5964
UP,Kushinagar,3560830,1649778,505104,46.3313,14.1850
BR,Kishanganj,1690948,783660,232311,46.3444,13.7385
BR,Sheohar,656916,304579,117506,46.3650,17.8875
UP,Banda,1799541,834949,274210,46.3979,15.2378
UP,Chitrakoot,990626,460639,146076,46.4998,14.7458
JH,Simdega,599813,279118,116374,46.5342,19.4017
GJ,Panchmahal,2388267,1112484,672081,46.5812,28.1409
BR,"West Champaran",3935042,1834250,527667,46.6132,13.4094
UP,"Lakhimpur Kheri",4013634,1876655,435134,46.7570,10.8414
UP,Shrawasti,1114615,522534,199582,46.8802,17.9059
TN,Ranipet,1210277,568566,188280,46.9782,15.5568
UP,Kannauj,1658005,779641,302118,47.0228,18.2218
BR,Jamui,1756078,826363,247514,47.0573,14.0947
UP,Prayagraj,5959798,2807077,941952,47.1002,15.8051
BR,Lakhisarai,1000717,471459,155849,47.1121,15.5737
UP,Ghazipur,3622727,1713051,554207,47.2862,15.2981
UP,Balrampur,2149066,1016864,495844,47.3166,23.0725
UP,Mau,2205170,1043486,339895,47.3200,15.4136
UP,Gonda,3431386,1626464,608621,47.3996,17.7369
BR,Banka,2029339,962051,388469,47.4071,19.1426
UP,Bulandshahr,3498507,1666182,688926,47.6255,19.6920
BR,Khagaria,1657599,791302,256502,47.7378,15.4743
UP,Saharanpur,3464228,1657333,610329,47.8413,17.6180
UP,Azamgarh,4616509,2208927,710140,47.8484,15.3826
UP,Fatehpur,2632684,1260042,452903,47.8615,17.2031
UP,Mathura,2541894,1218448,441308,47.9347,17.3614
UP,Pratapgarh,3173752,1522420,506183,47.9691,15.9490
BR,Samastipur,4254782,2042485,625004,48.0045,14.6894
BR,Muzaffarpur,4778610,2298150,804551,48.0924,16.8365
GJ,Junagadh,2742291,1319201,805788,48.1058,29.3838
UP,Etawah,1579160,761443,289994,48.2182,18.3638
UP,"Ambedkar Nagar",2398709,1156934,382112,48.2315,15.9299
UP,Amroha,1838771,887250,288663,48.2523,15.6987
UP,Mainpuri,1847194,892615,258787,48.3228,14.0097
TG,"Bhadradri Kothagudem",1304811,631741,237537,48.4163,18.2047
UP,Bijnor,3683896,1784172,654163,48.4317,17.7574
UP,Shamli,1274815,617594,222841,48.4458,17.4803
UP,Pilibhit,2037225,987945,274921,48.4946,13.4949
BR,Saran,3943098,1913897,825866,48.5379,20.9446
TN,Vellore,1614242,783666,369907,48.5470,22.9152
UP,Sitapur,4474446,2173902,549550,48.5848,12.2820
JH,Saraikela-Kharsawan,1063458,517314,180869,48.6445,17.0076
UP,Siddharthnagar,2553526,1244129,535812,48.7220,20.9832
BR,Darbhanga,3921971,1911395,829135,48.7356,21.1408
BR,Bhojpur,2720155,1326044,440604,48.7488,16.1978
UP,Maharajganj,2665292,1304230,409187,48.9339,15.3524
WB,"Uttar Dinajpur",3000849,1471700,480868,49.0428,16.0244
PB,Mansa,768808,377834,94107,49.1454,12.2406
BR,Katihar,3068149,1507966,481745,49.1490,15.7015
UP,Chandauli,1952713,959789,270288,49.1516,13.8417
BR,Vaishali,3495021,1718417,540297,49.1676,15.4590
MH,Hingoli,1178973,579955,217311,49.1915,18.4322
AS,Dhubri,1948632,958756,257246,49.2015,13.2014
MH,Aurangabad,3695928,1819502,757659,49.2299,20.4998
UP,"Sant Kabir Nagar",1714300,844099,222227,49.2387,12.9631
UP,Ghaziabad,4661452,2298574,1147930,49.3103,24.6260
CT,"Baloda Bazar",1305343,644083,229969,49.3421,17.6175
JH,Dumka,1321096,652861,255475,49.4181,19.3381
UP,Basti,2461056,1217587,443615,49.4742,18.0254
JH,Jamtara,790207,391742,150920,49.5746,19.0988
BR,Begusarai,2954367,1466715,549491,49.6457,18.5993
JH,Bokaro,2061918,1025287,372068,49.7249,18.0448
TN,Tirupathur,1111812,552918,230487,49.7312,20.7308
BR,Supaul,2228397,1108508,446810,49.7446,20.0507
BR,"East Champaran",5082868,2530309,1095713,49.7811,21.5570
TG,"Jogulamba Gadwal",664971,331323,66420,49.8252,9.9884
UP,Jaunpur,4476072,2231520,737803,49.8544,16.4833
BR,Arwal,700843,349496,134909,49.8679,19.2495
BR,Nalanda,2872523,1432646,706098,49.8741,24.5811
UP,Jalaun,1670718,833788,273050,49.9060,16.3433
BR,Madhepura,1994618,997299,308430,49.9995,15.4631
MZ,Lawngtlai,117444,58771,27708,50.0417,23.5925
UP,Kaushambi,1596909,799317,247213,50.0540,15.4807
UP,Agra,4380793,2196742,789604,50.1448,18.0242
TN,Ramanathapuram,1337560,671486,314813,50.2023,23.5364
BR,Nawada,2216653,1113144,313952,50.2173,14.1633
MH,Jalgaon,4224442,2122977,721162,50.2546,17.0712
MH,Dhule,2048781,1030389,495645,50.2928,24.1922
UP,Barabanki,3257983,1640836,508206,50.3636,15.5988
TN,Tirunelveli,1665253,839209,296516,50.3953,17.8061
UP,Hapur,1338211,674813,276790,50.4265,20.6836
BR,Kaimur,1626900,822501,256301,50.5563,15.7539
MH,Thane,11060148,5597146,2877468,50.6064,26.0165
UP,"Kanpur Nagar",4572951,2316384,925893,50.6540,20.2472
JH,Hazaribagh,1734005,878561,340237,50.6666,19.6215
TN,Thiruvarur,1268094,644018,277207,50.7863,21.8601
TG,Vikarabad,881250,447794,93849,50.8135,10.6495
UP,Unnao,3110595,1580897,463251,50.8230,14.8927
MP,Alirajpur,728677,370502,122717,50.8458,16.8411
BR,Purnia,3273127,1667132,805714,50.9339,24.6160
CT,Gariaband,597653,304409,105162,50.9341,17.5958
BR,Siwan,3318176,1690138,757854,50.9358,22.8395
TN,Nagapattinam,1614069,822430,313717,50.9538,19.4364
BR,Bhagalpur,3032226,1546948,731878,51.0169,24.1367
MH,Washim,1196714,610990,341464,51.0556,28.5335
OR,Gajapati,575880,294029,127670,51.0573,22.1695
MH,Nanded,3356566,1713801,605127,51.0582,18.0282
JH,Koderma,717169,366516,152332,51.1059,21.2407
MZ,Mamit,85757,43906,30195,51.1982,35.2100
UP,Mahoba,876055,449127,157357,51.2670,17.9620
MH,Osmanabad,1660311,853695,320907,51.4178,19.3281
UP,Bareilly,4465344,2296533,814154,51.4301,18.2327
PB,Amritsar,2490891,1286681,464822,51.6555,18.6609
TG,"Warangal Rural",716457,370342,119847,51.6908,16.7277
MH,Latur,2455543,1269796,542559,51.7114,22.0953
BR,Gopalganj,2558037,1323821,560529,51.7514,21.9125
MH,Gadchiroli,1071795,555533,242457,51.8320,22.6216
UP,Meerut,3447405,1789869,900127,51.9193,26.1103
AR,"Shi Yomi",13310,6912,5816,51.9309,43.6965
UP,Hamirpur,1104021,573444,200299,51.9414,18.1427
GJ,Jamnagar,2159130,1121586,692474,51.9462,32.0719
MH,Parbhani,1835982,954367,400024,51.9813,21.7880
UP,Bhadohi,1554203,808579,264649,52.0253,17.0280
BR,Rohtas,2962593,1544001,529507,52.1165,17.8731
OR,Mayurbhanj,2513895,1311308,450667,52.1624,17.9270
UP,Lalitpur,1218002,635567,157066,52.1811,12.8954
TN,Dharmapuri,1502900,785154,308728,52.2426,20.5422
AR,"Upper Dibang Valley",7948,4159,2614,52.3276,32.8888
CT,Jashpur,852043,447004,196228,52.4626,23.0303
UP,Deoria,3098637,1626610,605355,52.4944,19.5362
UP,Ayodhya,2468371,1297142,455913,52.5505,18.4702
KA,Davanagere,1946905,1023922,523553,52.5923,26.8916
BR,Munger,1359054,715884,300537,52.6752,22.1137
TN,Kallakurichi,1370281,722905,359231,52.7560,26.2159
AR,"Upper Siang",35289,18632,14082,52.7983,39.9048
PB,"Sri Muktsar Sahib",902702,477226,148880,52.8664,16.4927
TN,Tiruvannamalai,2468965,1305919,616839,52.8934,24.9837
KA,Kalaburagi,2564892,1359805,686862,53.0161,26.7794
UP,"Kanpur Dehat",1795092,951693,329766,53.0164,18.3704
ML,"East Jaintia Hills",122436,64915,36223,53.0195,29.5853
JH,Ranchi,2912022,1551956,699451,53.2948,24.0194
RJ,Bharatpur,2549121,1361242,613172,53.4004,24.0543
ML,"North Garo Hills",118325,63271,31902,53.4722,26.9613
TG,Narayanpet,566874,303239,53695,53.4932,9.4721
TN,Chengalpattu,2556244,1367490,647637,53.4961,25.3355
TN,Thanjavur,2402781,1286166,520266,53.5282,21.6527
RJ,Dungarpur,1388906,743963,369249,53.5647,26.5856
TN,Tenkasi,1407627,754108,255077,53.5730,18.1211
CT,Bilaspur,1961922,1052216,584499,53.6319,29.7922
UP,Gorakhpur,4436275,2380316,959001,53.6557,21.6173
UP,Baghpat,1302156,700094,361374,53.7642,27.7520
MH,Solapur,4315527,2325693,725654,53.8913,16.8150
MN,Bishnupur,240363,129587,73470,53.9130,30.5663
HR,Jind,1332042,718429,273088,53.9344,20.5015
TN,Theni,1243684,671765,339677,54.0141,27.3122
PB,Faridkot,618008,333856,133095,54.0213,21.5361
BR,Buxar,1707643,923251,363863,54.0658,21.3079
KA,Raichur,1924773,1041654,483831,54.1183,25.1370
PB,"Tarn Taran",1120070,606400,187111,54.1395,16.7053
OR,Kandhamal,731952,397737,163585,54.3392,22.3491
RJ,Jalore,1830151,997132,421587,54.4836,23.0356
PY,Yanam,55626,30346,16602,54.5536,29.8458
UP,Mirzapur,2494533,1361063,504361,54.5618,20.2187
TG,Adilabad,708952,388322,102169,54.7741,14.4113
TN,Sivaganga,1341250,736375,319848,54.9021,23.8470
AR,"East Siang",99019,54366,41447,54.9046,41.8576
CT,Balrampur,598855,329120,131211,54.9582,21.9103
OR,Sundargarh,2080664,1143521,513355,54.9594,24.6727
RJ,Dholpur,1207293,664418,291452,55.0337,24.1410
TN,Viluppuram,2093003,1152543,523467,55.0665,25.0103
PB,Moga,992289,546641,185672,55.0889,18.7115
MH,Ahmednagar,4543083,2513552,910382,55.3270,20.0389
TN,Tiruchirappalli,2713858,1503051,686122,55.3843,25.2822
CT,Sukma,249000,138002,86915,55.4225,34.9056
TG,Nagarkurnool,893308,495883,112076,55.5109,12.5462
KA,Bidar,1700018,943923,547291,55.5243,32.1932
JH,Ramgarh,949159,527968,197313,55.6248,20.7882
WB,"Cooch Behar",2822780,1570210,448272,55.6264,15.8805
AR,Anjaw,21089,11740,8409,55.6688,39.8739
TG,Nirmal,709415,395103,138758,55.6942,19.5595
AS,"Dima Hasao",213529,119010,66389,55.7348,31.0913
PY,Karaikal,200222,111917,60493,55.8965,30.2130
CT,Korba,1206563,675576,313625,55.9918,25.9933
TN,Salem,3480008,1951294,859635,56.0715,24.7021
TN,Krishnagiri,1883731,1056778,446453,56.1003,23.7005
TN,Virudhunagar,1943309,1090423,559002,56.1117,28.7655
RJ,Barmer,2604453,1461466,638385,56.1141,24.5113
MN,"Imphal East",452661,254211,169390,56.1592,37.4209
AS,Karimganj,1217002,686635,225616,56.4202,18.5387
CT,Kondagaon,578326,326297,108651,56.4209,18.7872
RJ,Udaipur,3067549,1733044,909155,56.4960,29.6378
WB,Malda,3997970,2258726,648244,56.4968,16.2143
OR,Nabarangapur,1218762,688814,206482,56.5175,16.9419
PB,Rupnagar,683349,386690,188829,56.5875,27.6329
CT,"Uttar Bastar Kanker",748593,424669,186750,56.7290,24.9468
PB,Barnala,596294,338645,109741,56.7916,18.4038
TG,"Komaram Bheem",515835,293678,55777,56.9325,10.8130
MP,Barwani,1385659,790563,242497,57.0532,17.5005
UP,Jhansi,2000755,1143244,405746,57.1406,20.2796
RJ,"Sawai Madhopur",1338114,765287,367679,57.1915,27.4774
RJ,Karauli,1458459,834563,417506,57.2222,28.6265
HR,Hisar,1742815,1000092,344637,57.3837,19.7747
PB,Kapurthala,817668,470765,193796,57.5741,23.7011
RJ,Banswara,1798194,1035891,549104,57.6073,30.5364
HR,Kaithal,1072861,619420,229424,57.7353,21.3843
MH,Ratnagiri,1612672,931114,396851,57.7373,24.6083
OR,Cuttack,2618708,1512634,749124,57.7626,28.6066
GJ,Botad,656005,379174,243161,57.8005,37.0669
OR,Rayagada,961959,556085,202997,57.8076,21.1025
RJ,Dausa,1637226,947322,426328,57.8614,26.0397
TN,Kancheepuram,1166401,677846,275581,58.1143,23.6266
TN,Dindigul,2161367,1256455,551753,58.1324,25.5280
TN,Namakkal,1721179,1000692,425786,58.1399,24.7380
WB,Alipurduar,1700000,988842,384754,58.1672,22.6326
CT,"Janjgir Champa",1620632,943377,349937,58.2104,21.5926
UP,Varanasi,3682194,2147727,899450,58.3274,24.4270
AS,Baksa,953773,556998,151915,58.3994,15.9278
TN,Karur,1076588,632092,322293,58.7125,29.9365
TN,Perambalur,564511,331562,156092,58.7344,27.6508
TG,Kamareddy,972625,572696,200172,58.8815,20.5806
GJ,Bhavnagar,2877961,1700224,1068941,59.0774,37.1423
TG,Suryapet,1099560,649719,233072,59.0890,21.1968
MH,Nashik,6109052,3616930,1357707,59.2061,22.2245
RJ,Pali,2038533,1208340,543000,59.2750,26.6368
HR,Palwal,1040493,616790,231541,59.2786,22.2530
WB,Nadia,5168488,3066556,975510,59.3318,18.8742
AR,Tawang,49950,29644,24046,59.3473,48.1401
GJ,"Chhota Udaipur",1071831,636398,440895,59.3748,41.1347
MZ,Champhai,125370,74466,55823,59.3970,44.5266
MP,Panna,1016028,603600,187762,59.4078,18.4800
WB,"Purba Bardhaman",4835532,2874178,915271,59.4387,18.9280
OR,Balangir,1648574,980905,338212,59.5002,20.5154
PY,Puducherry,950289,566058,320946,59.5669,33.7735
WB,"Paschim Medinipur",5094238,3035546,945567,59.5878,18.5615
MH,Wardha,1296157,772362,329004,59.5886,25.3830
BR,Saharsa,1897102,1130503,465411,59.5910,24.5327
PB,"Fatehgarh Sahib",599814,357443,140068,59.5923,23.3519
OR,Bargarh,1478833,881453,316024,59.6046,21.3698
MP,Jhabua,1024091,611170,206582,59.6793,20.1722
KA,Koppal,1391292,830534,445207,59.6952,31.9995
CT,Koriya,659039,393494,134274,59.7072,20.3742
RJ,Sirohi,1037185,619577,364860,59.7364,35.1779
AS,Jorhat,1091295,652875,339555,59.8257,31.1149
BR,Patna,5772804,3457787,2528373,59.8979,43.7980
TN,Thoothukkudi,1738376,1042526,352862,59.9713,20.2984
TN,Kanyakumari,1863178,1119051,503081,60.0614,27.0012
RJ,Rajsamand,1158283,695934,315486,60.0832,27.2374
TG,Jangaon,582457,350985,140078,60.2594,24.0495
AR,Changlang,147951,89155,59164,60.2598,39.9889
MP,Sheopur,687952,414769,159036,60.2904,23.1173
MN,"Imphal West",514683,310717,217598,60.3706,42.2781
TG,Nizamabad,1534428,926702,272232,60.3940,17.7416
AS,Chirang,481818,291206,112059,60.4390,23.2575
MP,Sidhi,1126515,681787,246289,60.5218,21.8629
OR,Boudh,439917,266830,110636,60.6546,25.1493
TG,Peddapalli,795332,482543,221888,60.6719,27.8988
MP,Bhind,1703562,1035928,382283,60.8095,22.4402
AR,"Lower Dibang Valley",53986,32829,23021,60.8102,42.6425
UT,Almora,621927,379008,226571,60.9409,36.4305
MH,Jalna,1958483,1193911,449551,60.9610,22.9540
MZ,Kolasib,83054,50678,33839,61.0181,40.7434
HR,Sirsa,1295114,790515,287240,61.0383,22.1787
OR,Kalahandi,1573054,960875,332241,61.0834,21.1208
AP,Srikakulam,2699471,1649133,1104315,61.0910,40.9086
LA,Kargil,143000,87426,65051,61.1371,45.4902
TN,Cuddalore,2600880,1590663,770321,61.1586,29.6177
TG,Nalgonda,1631399,998031,288413,61.1764,17.6789
AS,Kokrajhar,886999,542998,177022,61.2174,19.9574
HR,Fatehabad,941522,576376,209258,61.2175,22.2255
OR,Jajpur,1826275,1118463,420793,61.2429,23.0411
TG,Sangareddy,1527628,936716,334938,61.3183,21.9254
AP,Vizianagaram,2342868,1438939,1121528,61.4178,47.8699
TN,Erode,2259608,1387910,600247,61.4226,26.5642
MP,Khargone,1872413,1151415,449350,61.4936,23.9984
RJ,Alwar,3671999,2259844,1059514,61.5426,28.8539
MZ,Saiha,56366,34694,21139,61.5513,37.5031
RJ,Jodhpur,3685681,2271058,1059343,61.6184,28.7421
GJ,Amreli,1513614,933261,595160,61.6578,39.3205
OR,Balasore,2317419,1430302,570151,61.7196,24.6028
OR,Kendujhar,1802777,1113297,423412,61.7546,23.4867
MH,Chandrapur,2194262,1357319,477708,61.8577,21.7708
TR,Khowai,327391,202521,117821,61.8591,35.9879
MZ,Lunglei,154094,95392,74791,61.9051,48.5360
KA,Yadgir,1172985,727055,363616,61.9833,30.9992
RJ,Bikaner,2367745,1467815,732577,61.9921,30.9399
OR,Jagatsinghpur,1136604,705949,297552,62.1104,26.1790
TG,Siddipet,993376,617811,267664,62.1931,26.9449
MP,Chhatarpur,1762857,1096775,365556,62.2158,20.7366
UT,"Tehri Garhwal",616409,383740,222305,62.2541,36.0645
TG,Mancherial,807037,502623,185885,62.2800,23.0330
MH,Sindhudurg,848868,528810,284247,62.2959,33.4854
RJ,Jaisalmer,672008,419164,204337,62.3749,30.4069
RJ,Tonk,1421711,887359,435514,62.4149,30.6331
AS,Morigaon,957853,598008,240489,62.4321,25.1071
OR,Nayagarh,962215,600786,245298,62.4378,25.4931
TG,"Warangal Urban",1135707,709306,482955,62.4550,42.5246
MN,Kakching,135481,84916,52103,62.6774,38.4578
JH,"East Singhbhum",2291032,1438295,694998,62.7794,30.3356
TR,Unokoti,277335,174152,111490,62.7948,40.2005
RJ,Baran,1223921,769649,313110,62.8839,25.5825
AS,Udalguri,832769,523745,154658,62.8920,18.5715
MP,Dhar,2184672,1376299,620219,62.9980,28.3896
RJ,Nagaur,3309234,2084997,1056366,63.0054,31.9218
KA,Haveri,1598506,1007974,420098,63.0573,26.2807
HR,Mahendragarh,921680,581589,276072,63.1010,29.9531
MP,Singrauli,1178132,743430,246471,63.1024,20.9205
UT,"Pauri Garhwal",686527,433461,243623,63.1382,35.4863
AS,Dhemaji,688077,435270,199616,63.2589,29.0107
WB,Purulia,2927965,1852318,535098,63.2630,18.2754
WB,"South 24 Parganas",8153176,5168428,2004574,63.3916,24.5864
OR,Dhenkanal,1192948,756800,306290,63.4395,25.6751
RJ,Bhilwara,2410459,1530889,751589,63.5103,31.1803
OR,Koraput,1376934,874719,436788,63.5266,31.7218
OR,Angul,1271703,807916,315216,63.5302,24.7869
GJ,Patan,1342746,853851,571442,63.5899,42.5577
KA,Tumakuru,2681449,1705610,951972,63.6078,35.5021
MH,Palghar,2990116,1902174,719721,63.6154,24.0700
PB,Hoshiarpur,1582793,1007290,592414,63.6400,37.4284
KA,Chamarajanagara,1020962,650078,388997,63.6731,38.1010
AS,Nalbari,769919,490249,195295,63.6754,25.3657
OR,Ganjam,3520151,2242421,1812892,63.7024,51.5004
HR,Kurukshetra,964231,614499,257846,63.7294,26.7411
RJ,Chittorgarh,1544392,984852,511560,63.7696,33.1237
GJ,Kheda,2298934,1466136,969685,63.7746,42.1798
MN,Jiribam,43818,27981,19189,63.8573,43.7925
MP,Tikamgarh,1444920,922983,318679,63.8778,22.0551
TR,Gomati,436868,279418,171020,63.9594,39.1468
RJ,Churu,2041172,1307046,608513,64.0341,29.8119
TG,Khammam,1401639,899389,403940,64.1670,28.8191
TG,Jagtial,983414,631179,207679,64.1824,21.1182
PB,"Shahid Bhagat Singh Nagar",614362,394640,177289,64.2357,28.8574
AR,"West Kameng",87013,55931,42324,64.2789,48.6410
AS,Tinsukia,1316948,846696,310259,64.2923,23.5589
KA,Chitradurga,1660378,1067682,667364,64.3036,40.1935
AS,Hailakandi,659260,424107,158840,64.3308,24.0937
TG,Medak,767428,493774,166529,64.3414,21.6996
MP,Anuppur,749521,482306,184400,64.3486,24.6024
UP,Shahjahanpur,3002376,1932257,619315,64.3576,20.6275
MP,Dewas,1563107,1007081,500597,64.4282,32.0258
GJ,Surendranagar,1755873,1132537,796373,64.4999,45.3548
WB,Birbhum,3502387,2259506,934073,64.5133,26.6696
MP,Shivpuri,1725818,1113941,444596,64.5457,25.7615
CT,Dhamtari,799199,515971,231928,64.5610,29.0201
WB,Howrah,4841638,3127575,1353781,64.5975,27.9612
TG,Mulugu,294671,190365,87393,64.6026,29.6578
MH,Sangli,2820575,1823082,822038,64.6351,29.1443
TN,Chennai,7100000,4589450,2804761,64.6401,39.5037
WB,Murshidabad,7102430,4591428,1063922,64.6459,14.9797
MZ,Serchhip,64875,41968,36478,64.6906,56.2281
HR,Rohtak,1058683,686369,323454,64.8323,30.5525
RJ,Bundi,1113725,722228,388294,64.8480,34.8644
AS,Cachar,1736319,1130241,425092,65.0941,24.4824
OR,Puri,1697983,1106844,570562,65.1858,33.6023
RJ,Kota,1950491,1272027,684520,65.2157,35.0948
MP,Mandla,1053522,687174,300466,65.2264,28.5201
KA,Chikkamagaluru,1137753,742261,359041,65.2392,31.5570
MP,Ashoknagar,844979,551355,203531,65.2507,24.0871
MP,Burhanpur,756993,494429,227608,65.3149,30.0674
AS,Barpeta,1693190,1105912,497585,65.3153,29.3874
KA,Kolar,1540231,1006450,661217,65.3441,42.9297
WB,"Paschim Bardhaman",2882031,1884370,750636,65.3834,26.0454
OR,Subarnapur,652107,426438,223905,65.3939,34.3356
AS,Hojai,931218,609233,313738,65.4232,33.6911
RJ,Ganganagar,1969520,1290854,556572,65.5416,28.2593
RJ,Jhalawar,1411327,925532,381658,65.5788,27.0425
CT,Surajpur,660280,433195,177721,65.6078,26.9160
OR,Kendrapara,1439891,946256,383330,65.7172,26.6222
AP,"West Godavari",3934782,2587216,1927253,65.7525,48.9799
GJ,Tapi,806489,530369,326817,65.7627,40.5234
UT,Pithoragarh,485993,319663,194982,65.7752,40.1203
CT,Balod,826165,543965,281783,65.8422,34.1074
TN,Ariyalur,752481,495720,190796,65.8781,25.3556
KA,Bagalkote,1890826,1246522,636364,65.9247,33.6553
MH,Nagpur,4653171,3068045,1536068,65.9345,33.0112
MH,Satara,3003922,1980645,896445,65.9353,29.8425
TG,Karimnagar,1016063,669963,430732,65.9372,42.3923
MP,Khandwa,1309443,863765,323916,65.9643,24.7369
MH,Kolhapur,3874015,2555987,1066754,65.9777,27.5361
MP,Sagar,2378295,1569589,821889,65.9964,34.5579
AS,Goalpara,1008959,666076,226327,66.0162,22.4317
AS,Lakhimpur,1040644,687404,345088,66.0556,33.1610
KA,Mandya,1808680,1194737,688133,66.0557,38.0461
MP,Morena,1965137,1298522,697129,66.0779,35.4748
KA,Gadag,1065235,705195,344901,66.2009,32.3779
WB,Jhargram,1136548,753953,231839,66.3371,20.3985
PB,Jalandhar,2181753,1447597,704186,66.3502,32.2762
MP,Betul,1575247,1045314,376174,66.3587,23.8803
AR,Namsai,95950,63748,49540,66.4388,51.6311
MP,Rajgarh,1546541,1028077,491774,66.4759,31.7983
MP,Guna,1240938,825376,322015,66.5123,25.9493
OR,Malkangiri,612727,407736,156066,66.5445,25.4707
MP,Raisen,1331699,887268,355288,66.6268,26.6793
WB,Hooghly,5520389,3683884,1458582,66.7323,26.4217
DL,Delhi,19814000,13228441,7706389,66.7631,38.8937
OR,Nuapada,606490,405645,144464,66.8840,23.8197
WB,"Dakshin Dinajpur",1670931,1117615,385711,66.8858,23.0836
MP,Vidisha,1458212,976524,375407,66.9672,25.7443
HR,Karnal,1506323,1008846,475421,66.9741,31.5617
KA,Dharwad,1846993,1237269,597140,66.9883,32.3304
KA,Belagavi,4778439,3205380,1485843,67.0801,31.0947
MP,Damoh,1263703,848894,379801,67.1751,30.0546
MP,Katni,1291684,868257,349498,67.2190,27.0575
AP,Krishna,4529009,3047007,2146052,67.2776,47.3846
WB,"North 24 Parganas",10082852,6788785,2969174,67.3300,29.4478
HR,Sonipat,1480080,999331,435170,67.5187,29.4018
KA,Shivamogga,1755512,1185710,583490,67.5421,33.2376
AS,Darrang,908090,614601,205794,67.6806,22.6623
GJ,"Devbhumi Dwarka",752484,509482,335068,67.7067,44.5283
AS,Bongaigaon,732639,496111,203425,67.7156,27.7661
AS,Golaghat,1058674,718593,360838,67.8767,34.0840
MH,Gondia,1322331,897586,493117,67.8791,37.2915
CT,Rajnandgaon,1537520,1045225,556631,67.9812,36.2032
MP,Shahdol,1064989,724104,360626,67.9917,33.8619
GJ,Kutch,2090313,1421858,730245,68.0213,34.9347
PB,Pathankot,626154,426703,203190,68.1467,32.4505
RJ,Ajmer,2584913,1761551,1099782,68.1474,42.5462
RJ,Jhunjhunu,2139658,1458180,830977,68.1501,38.8369
AP,Anantapur,4083315,2787460,1757749,68.2646,43.0471
TR,"North Tripura",415946,284154,194693,68.3151,46.8073
KA,Chikkaballapura,1254377,857189,517556,68.3358,41.2600
GJ,Aravalli,1051746,719405,554668,68.4010,52.7378
TR,Dhalai,377988,258603,176419,68.4157,46.6732
TR,Sipahijala,484233,331383,222309,68.4346,45.9095
TN,Tiruppur,2471222,1691939,662220,68.4657,26.7973
TN,Nilgiris,735071,503670,376855,68.5199,51.2678
MP,Dindori,704218,482712,207918,68.5458,29.5247
MP,Seoni,1378876,947741,380354,68.7329,27.5844
RJ,Sikar,2677737,1842822,842151,68.8201,31.4501
MP,Satna,2228619,1536048,522362,68.9238,23.4388
HR,Yamunanagar,1214162,838171,356935,69.0329,29.3976
AN,Nicobars,36842,25456,21124,69.0951,57.3367
OR,Bhadrak,1506522,1041004,406168,69.0998,26.9606
RJ,Jaipur,6663971,4607498,2254495,69.1404,33.8311
GJ,Banaskantha,3116045,2156962,1244407,69.2211,39.9355
KA,Hassan,1776221,1230070,641648,69.2521,36.1243
AP,"East Godavari",5151549,3569234,2214051,69.2847,42.9784
MH,Bhandara,1198810,830954,438013,69.3149,36.5373
MP,Harda,570302,395730,184313,69.3896,32.3185
KL,Malappuram,4110956,2854295,1156976,69.4314,28.1437
RJ,Hanumangarh,1779650,1235640,619899,69.4316,34.8326
UP,Lucknow,4588455,3186888,1607179,69.4545,35.0266
AP,Chittoor,4170468,2897689,1928720,69.4811,46.2471
TG,"Rajanna Sircilla",546121,379473,161836,69.4852,29.6337
MP,Sehore,1311008,911375,428732,69.5171,32.7025
AS,Dibrugarh,1327748,924208,473502,69.6072,35.6620
WB,Bankura,3596292,2504391,787989,69.6381,21.9112
MP,Rewa,2363744,1646575,781316,69.6596,33.0542
GJ,Mehsana,2027727,1413380,919242,69.7027,45.3336
HR,Panipat,1202811,839130,287114,69.7641,23.8703
KA,Kodagu,554762,387066,224915,69.7715,40.5426
TG,"Yadadri Bhuvanagiri",726465,507035,252812,69.7948,34.8003
MP,Hoshangabad,1240975,867074,409658,69.8704,33.0110
GJ,Narmada,590379,413808,293586,70.0919,49.7284
TR,"South Tripura",433737,304254,214899,70.1471,49.5459
OR,Jharsuguda,579499,406710,204407,70.1830,35.2731
GJ,"Gir Somnath",1217477,854660,378823,70.1993,31.1154
UT,Chamoli,391114,274685,203340,70.2314,51.9900
KA,Ramanagara,1082739,760777,498163,70.2641,46.0095
MP,Neemuch,825958,580475,247497,70.2790,29.9648
KL,Kasaragod,1302600,915525,547905,70.2844,42.0624
HP,Chamba,518844,365843,218691,70.5112,42.1497
GJ,Dahod,2126558,1499686,687295,70.5218,32.3196
AP,Kurnool,4046601,2856095,1365076,70.5801,33.7339
MP,Ratlam,1454483,1028324,509303,70.7003,35.0161
GJ,Dang,226769,160476,62989,70.7663,27.7767
UT,Bageshwar,259840,183893,138853,70.7716,53.4379
MP,Mandsaur,1339832,950127,368369,70.9139,27.4937
MP,Umaria,643579,456456,224669,70.9246,34.9093
UT,Champawat,259315,184152,126490,71.0148,48.7785
KL,Palakkad,2810892,1997971,1008567,71.0796,35.8807
GJ,Rajkot,3157676,2244664,1308711,71.0860,41.4454
JK,Anantnag,1070144,761146,438343,71.1256,40.9611
AS,Majuli,167304,119159,89849,71.2230,53.7040
GJ,Morbi,960329,683981,329255,71.2236,34.2856
MH,Raigad,2635394,1881570,807811,71.3962,30.6524
NL,Dimapur,379769,271231,188235,71.4200,49.5657
UT,Uttarkashi,329686,235500,170680,71.4316,51.7705
GJ,Navsari,1330711,950587,678588,71.4345,50.9944
AP,Visakhapatnam,4288113,3066042,2074611,71.5010,48.3805
KA,"Bengaluru Rural",987257,706139,409398,71.5253,41.4682
MP,Datia,786375,562722,351775,71.5590,44.7337
KA,Ballari,2532383,1814619,949353,71.6566,37.4885
GJ,Porbandar,586062,420552,270502,71.7590,46.1559
KL,Alappuzha,2121943,1523457,907625,71.7954,42.7733
AS,Kamrup,1517202,1089774,455709,71.8279,30.0361
OR,Deogarh,312164,224532,68642,71.9276,21.9891
CT,Mahasamund,1032275,742908,507140,71.9680,49.1284
MP,Gwalior,2030543,1461480,773058,71.9748,38.0715
CT,Kabeerdham,584667,421001,192658,72.0070,32.9517
WB,Kalimpong,251642,181234,135475,72.0206,53.8364
PB,Ludhiana,3487882,2515157,973732,72.1113,27.9176
GJ,Anand,2090276,1509753,985523,72.2274,47.1480
GJ,Vadodara,3639775,2629542,2134735,72.2446,58.6502
CT,Raigarh,1493627,1080172,1096429,72.3187,73.4071
UT,Rudraprayag,236857,171357,120018,72.3462,50.6711
HR,Jhajjar,956907,693309,314091,72.4531,32.8236
AP,Prakasam,3392764,2461661,1657262,72.5562,48.8470
HR,Rewari,896129,651357,305219,72.6856,34.0597
GJ,Valsad,1703068,1238839,741151,72.7416,43.5186
KA,"Uttara Kannada",1353299,984462,537811,72.7453,39.7407
HR,"Charkhi Dadri",502276,365542,274103,72.7771,54.5722
KA,Mysuru,2994744,2189226,1352485,73.1023,45.1620
WB,Darjeeling,1842034,1346648,735237,73.1066,39.9144
JK,Kishtwar,230696,168787,81746,73.1643,35.4345
MP,Ujjain,1986864,1456484,903403,73.3057,45.4688
KA,Vijayapura,2175102,1595146,684886,73.3366,31.4875
MP,Narsinghpur,1092141,804501,352873,73.6627,32.3102
KA,"Dakshina Kannada",2083625,1536370,887876,73.7354,42.6121
TR,"West Tripura",917534,678155,487184,73.9106,53.0971
GA,"North Goa",817761,605663,453991,74.0636,55.5163
MH,Mumbai,12442373,9217255,5786480,74.0796,46.5062
KL,Thrissur,3110327,2304907,1394493,74.1050,44.8343
KL,Kollam,2629703,1958458,1110266,74.4745,42.2202
OR,Sambalpur,1044410,778523,451107,74.5419,43.1925
DN,Diu,52074,38831,31843,74.5689,61.1495
AN,"North and Middle Andaman",105597,79035,61369,74.8459,58.1162
KL,Kottayam,1979384,1482734,899804,74.9089,45.4588
KL,Kannur,2525637,1898678,1031070,75.1762,40.8242
AS,Biswanath,612491,462256,250819,75.4715,40.9506
RJ,Pratapgarh,868231,656309,371204,75.5915,42.7541
JK,Srinagar,1269751,960529,683638,75.6470,53.8403
JK,Pulwama,570060,431667,262543,75.7231,46.0553
UP,Bahraich,2384239,1806913,750129,75.7857,31.4620
UT,Haridwar,1927029,1460441,689458,75.7872,35.7783
UT,Nainital,955128,725170,415818,75.9239,43.5353
MP,Balaghat,1701156,1294046,621677,76.0686,36.5444
SK,"West Sikkim",136299,103686,89751,76.0725,65.8486
KL,Kozhikode,3089543,2352800,1212489,76.1537,39.2449
AP,Guntur,4889230,3726614,2049839,76.2209,41.9256
JK,Shopiyan,265960,203181,103093,76.3953,38.7626
SK,"North Sikkim",43354,33160,28267,76.4866,65.2004
JK,Baramulla,1015503,777965,481686,76.6088,47.4332
JK,Ganderbal,297003,227752,144199,76.6834,48.5514
JK,Jammu,1526406,1172655,627911,76.8246,41.1366
JK,Doda,409576,315122,179042,76.9386,43.7140
HR,Ambala,1136784,876141,597817,77.0719,52.5884
JK,Udhampur,555357,428441,243248,77.1470,43.8003
JK,Kupwara,875564,677718,399890,77.4036,45.6723
HP,Mandi,999518,776497,507844,77.6871,50.8089
UT,"Udham Singh Nagar",1648367,1281493,570190,77.7432,34.5912
KL,Idukki,1107453,861353,509337,77.7778,45.9917
MP,Chhindwara,2090306,1629027,685557,77.9325,32.7970
KA,Udupi,1177908,921512,557453,78.2329,47.3257
MZ,Aizawl,404054,316149,243333,78.2442,60.2229
JK,Reasi,314714,246263,151415,78.2498,48.1119
KL,Thiruvananthapuram,3307284,2588277,1654626,78.2599,50.0298
JK,Ramban,283313,222343,158284,78.4796,55.8690
HP,Kangra,1507223,1184964,765717,78.6190,50.8032
JK,Kathua,615711,484559,273911,78.6991,44.4869
TN,Coimbatore,3472578,2738943,1287724,78.8735,37.0827
JK,Bandipora,385099,304026,161819,78.9475,42.0201
MP,Jabalpur,2460714,1963764,1275346,79.8046,51.8283
AN,"South Andaman",238142,190397,128362,79.9510,53.9015
GJ,Bharuch,1550822,1240396,718604,79.9831,46.3370
HP,Sirmaur,530164,425233,233063,80.2078,43.9605
HP,Kullu,437474,352150,212872,80.4962,48.6593
AR,"Papum Pare",176385,142223,104057,80.6321,58.9942
JK,Budgam,735753,593597,344700,80.6788,46.8500
JK,Rajouri,619266,500090,251703,80.7553,40.6454
KL,Wayanad,816558,661686,468961,81.0336,57.4314
JK,Punch,476820,386838,265495,81.1287,55.6803
PY,Mahe,41816,34127,26946,81.6123,64.4394
GJ,Mahisagar,994624,815657,476966,82.0066,47.9544
HR,Panchkula,558890,458588,291727,82.0534,52.1976
WB,"Purba Medinipur",4417377,3637683,1618085,82.3494,36.6300
SK,"South Sikkim",146742,121645,107655,82.8972,73.3635
LA,Leh,147000,121897,88765,82.9231,60.3844
HP,Hamirpur,454293,378045,295251,83.2161,64.9913
GJ,Ahmedabad,7208200,6010675,3621206,83.3866,50.2373
HP,Una,521057,435793,303997,83.6363,58.3424
HP,Shimla,813384,680585,451679,83.6733,55.5308
MH,Pune,9426959,7931286,4406029,84.1341,46.7386
HP,Bilaspur,382056,323905,250316,84.7795,65.5181
GJ,Gandhinagar,1387478,1181106,742908,85.1261,53.5438
MP,Bhopal,2368145,2017162,1208078,85.1790,51.0137
LD,Lakshadweep,64473,55198,46751,85.6141,72.5125
UT,Dehradun,1698560,1471735,847209,86.6460,49.8781
TG,"Medchal Malkajgiri",2542203,2210330,1420095,86.9455,55.8608
KL,Pathanamthitta,1195537,1051138,707842,87.9218,59.2070
CH,Chandigarh,1055450,929926,569904,88.1071,53.9963
JK,Samba,318611,281947,129246,88.4926,40.5655
MP,Indore,3272335,2955333,1775042,90.3127,54.2439
KL,Ernakulam,3279860,2967073,1852971,90.4634,56.4954
TG,Hyderabad,3441992,3202434,2021669,93.0401,58.7354
HR,Faridabad,1798954,1677273,872730,93.2360,48.5132
OR,Khordha,2246341,2098947,1553879,93.4385,69.1738
SK,"East Sikkim",281293,264054,239880,93.8715,85.2776
HP,Kinnaur,84298,79768,63726,94.6262,75.5961
JK,Kulgam,422786,401762,224114,95.0273,53.0089
TG,"Ranga Reddy",2551731,2425612,1386054,95.0575,54.3182
GJ,Surat,4996391,4819502,2652496,96.4597,53.0882
KA,"Bengaluru Urban",9588910,9270820,6162534,96.6827,64.2673
AS,"Kamrup Metropolitan",1260419,1253223,915765,99.4291,72.6556
HP,"Lahaul and Spiti",31528,31950,21398,101.3385,67.8698
GA,"South Goa",639962,667865,515925,104.3601,80.6181
WB,Kolkata,4486679,4821395,3247132,107.4602,72.3727
UP,"Gautam Buddha Nagar",1674714,1821851,1018331,108.7858,60.8063
DN,"Dadra and Nagar Haveli",343709,388645,190330,113.0739,55.3753
CT,Surguja,420661,500543,312091,118.9896,74.1906
HP,Solan,576670,692589,361365,120.1014,62.6641
DN,Daman,191173,236082,162340,123.4913,84.9178
HR,Gurugram,1514085,2213599,1426904,146.2004,94.2420
CT,Bametara,197035,419780,140640,213.0484,71.3782
